{"stats":{"minecraft:custom":{"minecraft:time_since_rest":26215,"minecraft:interact_with_furnace":5,"minecraft:sprint_one_cm":43102,"minecraft:damage_taken":10,"minecraft:walk_one_cm":87044,"minecraft:mob_kills":3,"minecraft:drop":5,"minecraft:damage_dealt":141,"minecraft:swim_one_cm":8054,"minecraft:interact_with_crafting_table":7,"minecraft:fly_one_cm":52571,"minecraft:crouch_one_cm":1043,"minecraft:play_time":26215,"minecraft:sneak_time":273,"minecraft:walk_under_water_one_cm":7908,"minecraft:jump":309,"minecraft:leave_game":1,"minecraft:walk_on_water_one_cm":4690,"minecraft:time_since_death":26215,"minecraft:climb_one_cm":12,"minecraft:interact_with_smoker":9,"minecraft:total_world_time":26215,"minecraft:fall_one_cm":3977},"minecraft:dropped":{"duneons:highlandfern":5},"minecraft:killed":{"alexsmobs:lobster":3},"minecraft:crafted":{"minecraft:glass_bottle":3,"minecraft:glass":3,"minecraft:oak_planks":24,"alexsmobs:cooked_lobster_tail":1,"minecraft:stick":8,"born_in_chaos_v1:fried_maggot":2,"minecraft:stone_pickaxe":1,"minecraft:stone_sword":1,"minecraft:stone_axe":1},"minecraft:mined":{"duneons:leaveswindswept":1,"minecraft:birch_leaves":5,"duneons:highlandfern":7,"minecraft:crafting_table":1,"duneons:creeperbanner":1,"minecraft:grass":1,"minecraft:oak_log":18,"duneons:highlandtallgrass":9,"minecraft:sand":28,"minecraft:redstone_wire":7,"minecraft:cobblestone":1,"minecraft:polished_andesite":2,"minecraft:stone":8,"minecraft:oak_leaves":19,"duneons:andesitebreked":1,"duneons:lavabrickblock":2},"minecraft:picked_up":{"minecraft:crafting_table":1,"born_in_chaos_v1:corpse_maggot":1,"minecraft:stick":1,"minecraft:leather_chestplate":1,"minecraft:copper_ingot":1,"duneons:andesitebreked":1,"duneons:highlandfern":12,"minecraft:sand":28,"minecraft:oak_log":18,"duneons:leaveswindswept":1,"minecraft:redstone":8,"minecraft:polished_andesite":2,"duneons:lavabrickblock":3,"minecraft:oak_sapling":2,"duneons:creeperbanner":1,"alexsmobs:lobster_tail":1,"minecraft:cobblestone":12},"minecraft:used":{"minecraft:stone_sword":5,"minecraft:glass_bottle":5,"minecraft:stone_pickaxe":22,"alexsmobs:cooked_lobster_tail":1,"minecraft:leather_chestplate":1,"minecraft:stone_axe":14,"minecraft:sand":3,"minecraft:cobblestone":1,"minecraft:potion":2,"duneons:highlandfern":7}},"DataVersion":3465}