{"stats":{"minecraft:mined":{"minecraft:flowering_azalea":1,"minecraft:light_gray_stained_glass_pane":1,"minecraft:cobbled_deepslate_stairs":1,"minecraft:powder_snow":15,"minecraft:calcite":3,"minecraft:grass_block":4,"minecraft:poppy":1,"minecraft:tall_grass":1,"minecraft:spruce_leaves":6,"minecraft:sugar_cane":2,"minecraft:light_blue_wall_banner":1,"minecraft:coarse_dirt":1,"minecraft:dark_oak_slab":1,"minecraft:mud":1,"minecraft:gold_block":1,"minecraft:bookshelf":1,"minecraft:grass":2,"minecraft:coal_ore":12,"duneons:melondirt":8,"minecraft:iron_bars":1,"minecraft:dirt":6,"minecraft:sand":27,"minecraft:deepslate_brick_stairs":1,"duneons:glowmelonroot":5,"minecraft:stone":6,"minecraft:netherrack":1,"minecraft:oak_leaves":10,"minecraft:fern":8,"minecraft:orange_bed":7},"minecraft:picked_up":{"minecraft:birch_log":1,"minecraft:mud":1,"minecraft:leather_chestplate":1,"minecraft:feather":2,"minecraft:leather":3,"minecraft:potato":9,"minecraft:gold_block":1,"duneons:melondirt":12,"minecraft:chain":1,"minecraft:cobbled_deepslate_stairs":1,"minecraft:string":2,"minecraft:dirt":8,"aether:diamond_gloves":1,"minecraft:cooked_mutton":3,"minecraft:bone":3,"minecraft:wheat_seeds":3,"minecraft:spruce_planks":1,"minecraft:iron_ingot":3,"minecraft:beef":3,"minecraft:calcite":3,"minecraft:poppy":1,"minecraft:glass_bottle":1,"minecraft:sugar_cane":4,"minecraft:flowering_azalea":1,"minecraft:book":3,"minecraft:raw_iron":1,"minecraft:dark_oak_slab":1,"minecraft:cooked_porkchop":1,"minecraft:acacia_log":2,"born_in_chaos_v1:ethereal_spirit":1,"minecraft:sand":27,"travelersbackpack:blue_sleeping_bag":1,"minecraft:spruce_sapling":15,"minecraft:spruce_log":2,"minecraft:spider_eye":1,"minecraft:orange_bed":7,"minecraft:arrow":2,"minecraft:stone_sword":1,"minecraft:rotten_flesh":1,"minecraft:diamond_chestplate":1,"minecraft:bread":6,"minecraft:deepslate_brick_stairs":1,"minecraft:white_wool":2,"minecraft:coal":12,"minecraft:cobblestone":6},"minecraft:used":{"minecraft:calcite":2,"minecraft:cooked_mutton":3,"minecraft:water_bucket":5,"minecraft:glass_bottle":68,"minecraft:stone_shovel":25,"minecraft:leather_chestplate":3,"minecraft:diamond_axe":5,"minecraft:orange_bed":6,"duneons:melondirt":6,"minecraft:diamond_pickaxe":26,"minecraft:bread":6,"minecraft:diamond_chestplate":1,"minecraft:diamond_sword":76,"minecraft:cobblestone":5,"minecraft:potion":67,"minecraft:cooked_porkchop":14,"minecraft:bucket":5,"minecraft:cooked_beef":1,"alexsmobs:animal_dictionary":1,"minecraft:air":5},"minecraft:dropped":{"minecraft:sugar_cane":4,"minecraft:wheat_seeds":2,"minecraft:stone_sword":1,"duneons:melondirt":6,"travelersbackpack:blue_sleeping_bag":1,"minecraft:stick":2,"minecraft:dirt":7,"minecraft:diamond_chestplate":1,"minecraft:spider_eye":1,"minecraft:string":2},"minecraft:killed":{"minecraft:pig":1,"born_in_chaos_v1:zombie_lumberjack":1,"born_in_chaos_v1:baby_skeleton":1,"minecraft:spider":1,"born_in_chaos_v1:zombie_bruiser":1,"born_in_chaos_v1:maggot":1,"minecraft:sheep":2,"minecraft:skeleton":2,"minecraft:zombie":2,"minecraft:cow":1},"minecraft:custom":{"minecraft:interact_with_furnace":10,"minecraft:mob_kills":17,"minecraft:interact_with_crafting_table":15,"minecraft:open_barrel":4,"minecraft:damage_dealt_resisted":250,"minecraft:time_since_death":101981,"minecraft:sleep_in_bed":5,"minecraft:time_since_rest":102,"minecraft:sprint_one_cm":169034,"minecraft:damage_taken":1544,"minecraft:walk_one_cm":285744,"minecraft:drop":16,"minecraft:damage_dealt":2865,"minecraft:swim_one_cm":31520,"minecraft:fly_one_cm":205429,"minecraft:open_chest":26,"minecraft:crouch_one_cm":4157,"minecraft:play_time":101981,"minecraft:sneak_time":2441,"minecraft:walk_under_water_one_cm":33250,"minecraft:jump":1558,"minecraft:walk_on_water_one_cm":16575,"minecraft:interact_with_smoker":5,"minecraft:total_world_time":101981,"minecraft:fall_one_cm":34143},"minecraft:crafted":{"minecraft:cooked_beef":3,"minecraft:red_dye":1,"minecraft:stone_shovel":1,"minecraft:diamond_axe":1,"minecraft:spruce_planks":8,"travelersbackpack:backpack_tank":2,"minecraft:bucket":1,"minecraft:air":0,"minecraft:glass":27,"minecraft:diamond_pickaxe":1,"minecraft:stick":8,"minecraft:iron_ingot":2}},"DataVersion":3465}