{"stats":{"minecraft:mined":{"minecraft:spruce_planks":7,"minecraft:cobbled_deepslate_stairs":1,"minecraft:brewing_stand":1,"minecraft:grass_block":9,"minecraft:deepslate_bricks":1,"duneons:fishbox":1,"minecraft:mossy_cobblestone_slab":1,"minecraft:cobbled_deepslate":1,"minecraft:fire":3,"minecraft:moss_carpet":1,"minecraft:flowering_azalea_leaves":3,"minecraft:oak_stairs":1,"minecraft:iron_bars":5,"minecraft:deepslate_brick_stairs":1,"duneons:cubebanner":3,"duneons:glowmelonroot":7,"duneons:strongcolon":1,"minecraft:player_head":1,"minecraft:orange_bed":8,"duneons:mossstoneblock":4,"minecraft:powder_snow":15,"expanded_structures:voided_wood_log":4,"minecraft:note_block":4,"minecraft:calcite":3,"minecraft:poppy":2,"minecraft:chest":3,"minecraft:cobblestone":3,"graveyard:lying_skeleton":1,"minecraft:sugar_cane":2,"minecraft:oak_planks":3,"minecraft:damaged_anvil":2,"expanded_structures:corrupted_fence":1,"minecraft:dark_oak_slab":1,"born_in_chaos_v1:tombstone_dark_titan_066":1,"minecraft:mud":1,"duneons:highblockhallsdoor":3,"minecraft:birch_log":10,"born_in_chaos_v1:fired_black_argillite":2,"minecraft:jukebox":2,"minecraft:tnt":1,"minecraft:stone_brick_stairs":3,"duneons:creeperwoodstallgrass":11,"minecraft:yellow_stained_glass_pane":1,"minecraft:grass":23,"minecraft:sand":27,"minecraft:dirt":6,"duneons:lamppostdown":4,"duneons:slabspawn_5":1,"minecraft:netherrack":1,"minecraft:oak_leaves":20,"minecraft:red_carpet":11,"minecraft:light_gray_stained_glass_pane":1,"duneons:bigferncreeperwoods":3,"toughasnails:rain_collector":1,"duneons:spideregg":1,"minecraft:nether_bricks":1,"minecraft:cobbled_deepslate_slab":5,"minecraft:spruce_leaves":6,"minecraft:hay_block":1,"minecraft:deepslate_brick_slab":5,"minecraft:light_blue_wall_banner":1,"minecraft:andesite":1,"minecraft:gold_block":1,"expanded_structures:incidious_stump":2,"minecraft:bookshelf":33,"duneons:melondirt":9,"duneons:mossendirt":1,"minecraft:stone":31,"duneons:statue":1,"minecraft:oak_slab":2,"minecraft:flowering_azalea":2,"minecraft:glass_pane":1,"minecraft:brick_wall":1,"travelersbackpack:standard":6,"minecraft:rose_bush":20,"duneons:dustdiamond":1,"minecraft:tall_grass":2,"expanded_structures:corrupted_log":34,"duneons:stonehorse":1,"minecraft:coarse_dirt":1,"graveyard:vase_block":1,"minecraft:sea_pickle":1,"minecraft:black_wall_banner":2,"minecraft:birch_leaves":4,"minecraft:black_wool":1,"graveyard:dark_iron_bars":1,"minecraft:coal_ore":12,"duneons:scarecrow":3,"minecraft:cyan_carpet":7,"minecraft:cobweb":1,"minecraft:cracked_stone_bricks":1,"minecraft:polished_andesite":3,"minecraft:chipped_anvil":1,"minecraft:fern":9},"minecraft:custom":{"minecraft:interact_with_crafting_table":63,"minecraft:open_barrel":4,"minecraft:open_shulker_box":4,"minecraft:eat_cake_slice":2,"minecraft:leave_game":17,"minecraft:time_since_death":4439,"minecraft:sprint_one_cm":956385,"minecraft:drop":111,"minecraft:play_noteblock":9,"minecraft:talked_to_villager":28,"minecraft:play_time":1257225,"minecraft:deaths":3,"minecraft:jump":5581,"minecraft:walk_on_water_one_cm":84617,"minecraft:interact_with_furnace":36,"minecraft:play_record":4,"minecraft:sleep_in_bed":17,"minecraft:damage_dealt":10196,"minecraft:crouch_one_cm":24263,"minecraft:interact_with_smoker":12,"minecraft:inspect_dispenser":1,"minecraft:interact_with_smithing_table":14,"minecraft:mob_kills":62,"minecraft:interact_with_anvil":2,"minecraft:damage_dealt_resisted":355,"minecraft:climb_one_cm":3294,"minecraft:walk_one_cm":1569150,"minecraft:sneak_time":18951,"minecraft:walk_under_water_one_cm":92774,"minecraft:interact_with_blast_furnace":12,"minecraft:total_world_time":1257225,"minecraft:tune_noteblock":211,"minecraft:interact_with_grindstone":2,"minecraft:time_since_rest":4709,"minecraft:damage_taken":7219,"minecraft:swim_one_cm":63661,"minecraft:fly_one_cm":3697960,"minecraft:open_chest":113,"minecraft:fall_one_cm":109821},"minecraft:crafted":{"minecraft:barrel":2,"travelersbackpack:crafting_upgrade":1,"minecraft:bookshelf":4,"minecraft:glass":27,"minecraft:chest":6,"minecraft:smoker":1,"minecraft:oak_slab":12,"travelersbackpack:iron_tier_upgrade":1,"toughasnails:rain_collector":2,"minecraft:diamond_axe":1,"minecraft:crafting_table":2,"minecraft:spruce_planks":72,"travelersbackpack:standard":5,"minecraft:baked_potato":50,"minecraft:red_wool":7,"minecraft:gold_block":8,"minecraft:birch_planks":44,"travelersbackpack:red_sleeping_bag":1,"minecraft:lectern":2,"minecraft:diamond_pickaxe":1,"minecraft:stick":8,"minecraft:iron_ingot":30,"minecraft:gold_ingot":70,"toughasnails:empty_canteen":1,"minecraft:stone_shovel":1,"minecraft:furnace":1,"travelersbackpack:gold_tier_upgrade":1,"travelersbackpack:blank_upgrade":4,"minecraft:spruce_slab":12,"travelersbackpack:diamond_tier_upgrade":1,"minecraft:cooked_beef":3,"minecraft:red_dye":7,"travelersbackpack:backpack_tank":4,"minecraft:bucket":1,"minecraft:air":0},"minecraft:picked_up":{"minecraft:flower_pot":2,"minecraft:lead":1,"minecraft:diamond_sword":4,"minecraft:oak_stairs":3,"minecraft:potion":39,"minecraft:enchanted_book":1,"minecraft:stone_brick_stairs":3,"duneons:highblockhallsdoor":2,"minecraft:brewing_stand":1,"expanded_structures:corrupted_fence":1,"duneons:battlerobe_chestplate":1,"minecraft:music_disc_cat":3,"minecraft:string":16,"aether:diamond_gloves":4,"minecraft:diamond_leggings":2,"minecraft:bucket":3,"minecraft:spruce_planks":7,"minecraft:rose_bush":28,"minecraft:calcite":3,"duneons:fishbox":2,"minecraft:jukebox":2,"minecraft:acacia_log":4,"minecraft:torch":9,"minecraft:brick_wall":1,"expanded_structures:voided_wood_log":8,"duneons:cubebanner":4,"minecraft:golden_chestplate":1,"minecraft:brown_carpet":1,"minecraft:orange_bed":8,"minecraft:stone_sword":1,"minecraft:rotten_flesh":3,"minecraft:red_tulip":1,"minecraft:bookshelf":2,"duneons:scarecrow":6,"duneons:archerarmor_helmet":3,"minecraft:deepslate_brick_stairs":1,"duneons:statue":1,"minecraft:iron_bars":2,"duneons:ghostspookyarmor_chestplate":3,"minecraft:cobblestone":81,"minecraft:birch_log":31,"minecraft:leather_chestplate":6,"minecraft:feather":2,"minecraft:cooked_beef":14,"born_in_chaos_v1:spiritual_dust":1,"minecraft:water_bucket":4,"minecraft:potato":119,"duneons:melondirt":12,"minecraft:dirt":28,"minecraft:lantern":1,"minecraft:leather_boots":1,"minecraft:bone":9,"minecraft:chipped_anvil":1,"minecraft:wheat_seeds":8,"minecraft:deepslate_brick_slab":22,"minecraft:cobbled_deepslate_slab":16,"expanded_structures:corrupted_log":79,"minecraft:oak_planks":6,"minecraft:cooked_porkchop":11,"minecraft:music_disc_13":2,"mcwdoors:garage_silver_door":1,"minecraft:sand":27,"minecraft:grass_block":1,"alexsmobs:animal_dictionary":1,"graveyard:upper_bone_staff":1,"minecraft:polished_andesite":2,"minecraft:diamond":5,"minecraft:bone_meal":1,"minecraft:golden_apple":6,"duneons:lamppostdown":6,"minecraft:bread":37,"alexsmobs:maggot":2,"duneons:archerarmor_chestplate":3,"minecraft:diamond_pickaxe":4,"minecraft:mud":1,"minecraft:gold_block":1,"duneons:guardianbow":1,"minecraft:chain":1,"minecraft:cornflower":1,"minecraft:moss_carpet":1,"minecraft:cyan_carpet":6,"minecraft:cracked_stone_bricks":4,"minecraft:beef":3,"minecraft:player_head":3,"duneons:elytepowerbow":3,"minecraft:poppy":1,"minecraft:sugar_cane":4,"minecraft:chest":4,"minecraft:egg":4,"toughasnails:rain_collector":1,"minecraft:raw_iron":1,"expanded_structures:corrupted_doubloon":2,"minecraft:note_block":4,"minecraft:stone_button":1,"graveyard:dark_iron_bars":1,"minecraft:carrot":4,"duneons:skeletonspear":3,"minecraft:dark_oak_planks":1,"toughasnails:empty_canteen":1,"minecraft:tnt":8,"minecraft:diamond_chestplate":3,"minecraft:arrow":5,"expanded_structures:incidious_stump":6,"minecraft:stone_shovel":1,"minecraft:nether_bricks":1,"minecraft:black_banner":3,"minecraft:gold_ingot":5,"minecraft:mutton":5,"minecraft:white_wool":11,"twilightforest:darkwood_sapling":1,"duneons:stonehorse":1,"born_in_chaos_v1:corpse_maggot":8,"minecraft:golden_carrot":7,"duneons:ghostspookyarmor_helmet":3,"minecraft:leather":21,"minecraft:birch_planks":28,"duneons:bubblebowspooky_2":1,"minecraft:oak_log":2,"minecraft:cobbled_deepslate_stairs":2,"minecraft:gunpowder":4,"minecraft:white_banner":2,"minecraft:cooked_mutton":7,"minecraft:red_carpet":13,"minecraft:iron_ingot":29,"minecraft:stone_pickaxe":3,"minecraft:glass_bottle":6,"minecraft:flowering_azalea":3,"minecraft:book":125,"minecraft:oak_slab":4,"minecraft:dark_oak_slab":1,"born_in_chaos_v1:ethereal_spirit":4,"travelersbackpack:blue_sleeping_bag":1,"minecraft:spruce_sapling":15,"minecraft:spruce_log":2,"minecraft:sea_lantern":1,"minecraft:spider_eye":2,"minecraft:leather_helmet":1,"travelersbackpack:standard":7,"minecraft:chainmail_leggings":3,"minecraft:diamond_axe":3,"born_in_chaos_v1:tombstone_dark_titan_066":1,"minecraft:baked_potato":18,"minecraft:damaged_anvil":2,"minecraft:black_wool":3,"minecraft:coal":12,"minecraft:ender_pearl":3},"minecraft:dropped":{"graveyard:upper_bone_staff":1,"minecraft:birch_planks":1,"duneons:melondirt":6,"minecraft:glass_bottle":2,"travelersbackpack:blue_sleeping_bag":1,"minecraft:cracked_stone_bricks":3,"minecraft:dirt":10,"minecraft:dark_oak_planks":1,"minecraft:bone":4,"minecraft:gold_ingot":1,"mcwdoors:garage_silver_door":1,"minecraft:sugar_cane":4,"expanded_structures:corrupted_fence":1,"minecraft:deepslate_brick_slab":21,"minecraft:oak_planks":1,"minecraft:carrot":3,"minecraft:leather_chestplate":3,"minecraft:oak_wood":1,"minecraft:leather_boots":1,"minecraft:arrow":4,"minecraft:stone_brick_stairs":1,"minecraft:lectern":2,"minecraft:bread":1,"minecraft:wheat_seeds":4,"toughasnails:rain_collector":1,"minecraft:tnt":6,"minecraft:book":2,"minecraft:acacia_log":2,"minecraft:grass_block":1,"minecraft:stick":2,"twilightforest:darkwood_sapling":1,"minecraft:potion":33,"minecraft:oak_stairs":1,"minecraft:flowering_azalea":1,"minecraft:chainmail_leggings":1,"minecraft:string":8,"minecraft:bucket":4,"minecraft:stone_sword":1,"minecraft:cobbled_deepslate_slab":7,"minecraft:diamond_sword":1,"minecraft:diamond_chestplate":1,"aether:chainmail_gloves":1,"minecraft:diamond_pickaxe":1,"minecraft:spider_eye":1},"minecraft:broken":{"minecraft:leather_helmet":1,"minecraft:leather_chestplate":1},"minecraft:killed":{"born_in_chaos_v1:zombie_lumberjack":2,"born_in_chaos_v1:restless_spirit":1,"expanded_structures:buman":1,"minecraft:spider":2,"minecraft:skeleton":5,"duneons:vangruardskeleton":1,"minecraft:pig":6,"minecraft:sheep":2,"minecraft:pillager":1,"minecraft:zombie":4,"born_in_chaos_v1:dread_hound":1,"born_in_chaos_v1:corpse_fly":1,"minecraft:cow":7,"born_in_chaos_v1:zombie_bruiser":1,"born_in_chaos_v1:maggot":1,"minecraft:phantom":1,"minecraft:horse":6,"born_in_chaos_v1:baby_skeleton":1,"born_in_chaos_v1:bloody_gadfly":1},"minecraft:used":{"duneons:lamppostdown":3,"minecraft:smooth_quartz_slab":8,"expanded_structures:corrupted_log":1,"minecraft:spruce_slab":110,"minecraft:chest":4,"minecraft:brick_slab":23,"minecraft:nether_bricks":1,"minecraft:music_disc_13":1,"duneons:melondirt":6,"minecraft:bricks":31,"minecraft:lantern":51,"minecraft:grass_block":728,"minecraft:dark_oak_slab":92,"minecraft:red_stained_glass_pane":772,"minecraft:redstone_lamp":3,"minecraft:brown_carpet":1,"slabsexpanded:white_concrete_slab":130,"minecraft:damaged_anvil":1,"minecraft:oak_planks":110,"minecraft:leather_chestplate":8,"minecraft:black_glazed_terracotta":1,"minecraft:diamond_axe":124,"duneons:stonehorse":1,"minecraft:golden_apple":1,"minecraft:gray_concrete":112,"minecraft:note_block":4,"minecraft:cobbled_deepslate_stairs":1,"minecraft:daylight_detector":5,"minecraft:birch_slab":153,"minecraft:light_gray_concrete":172,"duneons:cubebanner":3,"minecraft:cyan_carpet":6,"minecraft:bread":28,"minecraft:stone_button":1,"minecraft:flowering_azalea_leaves":93,"minecraft:diamond_sword":213,"minecraft:andesite":20,"minecraft:white_concrete":2327,"minecraft:air":7,"minecraft:iron_bars":2,"minecraft:red_concrete":265,"minecraft:stone_shovel":25,"minecraft:spruce_planks":113,"minecraft:wooden_shovel":62,"minecraft:orange_bed":7,"minecraft:torch":19,"minecraft:dirt":3,"toughasnails:empty_canteen":1,"minecraft:golden_chestplate":1,"minecraft:sea_lantern":860,"minecraft:flowering_azalea":2,"minecraft:chipped_anvil":1,"minecraft:diamond_chestplate":7,"minecraft:golden_carrot":6,"minecraft:cooked_beef":5,"duneons:highblockhallsdoor":2,"minecraft:calcite":3,"minecraft:cooked_mutton":3,"minecraft:water_bucket":69,"minecraft:birch_planks":2517,"duneons:statue":1,"minecraft:glass_bottle":235,"minecraft:polished_andesite":2,"minecraft:baked_potato":38,"minecraft:music_disc_cat":3,"minecraft:oak_slab":24,"minecraft:crafting_table":1,"toughasnails:rain_collector":2,"minecraft:smoker":1,"minecraft:oak_log":2,"minecraft:diamond_pickaxe":123,"expanded_structures:voided_wood_log":2,"minecraft:leather_helmet":1,"minecraft:spruce_trapdoor":34,"mcwdoors:garage_silver_door":18,"minecraft:potion":223,"minecraft:cobblestone":45,"travelersbackpack:standard":52,"minecraft:cobbled_deepslate_slab":7,"minecraft:white_banner":1,"minecraft:cooked_porkchop":23,"born_in_chaos_v1:tombstone_dark_titan_066":1,"toughasnails:purified_water_canteen":2,"minecraft:bucket":71,"alexsmobs:animal_dictionary":2,"minecraft:diamond_leggings":1,"minecraft:jukebox":2}},"DataVersion":3465}