{"stats":{"minecraft:custom":{"minecraft:interact_with_furnace":6,"minecraft:mob_kills":11,"minecraft:interact_with_anvil":3,"minecraft:interact_with_crafting_table":7,"minecraft:open_barrel":10,"minecraft:damage_dealt_resisted":1044,"minecraft:leave_game":4,"minecraft:time_since_death":74417,"minecraft:climb_one_cm":1311,"minecraft:time_since_rest":74417,"minecraft:sprint_one_cm":100049,"minecraft:damage_taken":779,"minecraft:walk_one_cm":174526,"minecraft:drop":10,"minecraft:damage_dealt":1597,"minecraft:swim_one_cm":31749,"minecraft:fly_one_cm":135525,"minecraft:open_chest":13,"minecraft:crouch_one_cm":7325,"minecraft:play_time":74417,"minecraft:sneak_time":4188,"minecraft:walk_under_water_one_cm":34603,"minecraft:jump":1031,"minecraft:walk_on_water_one_cm":16520,"minecraft:interact_with_smoker":3,"minecraft:total_world_time":74417,"minecraft:fall_one_cm":21785},"minecraft:dropped":{"minecraft:glass_bottle":1,"born_in_chaos_v1:rotten_fish":1,"minecraft:rotten_flesh":3,"minecraft:pumpkin_seeds":1,"minecraft:stick":1,"minecraft:sandstone":3,"minecraft:wooden_pickaxe":3,"minecraft:acacia_fence":1},"minecraft:killed":{"alexsmobs:lobster":2,"born_in_chaos_v1:door_knight_not_despawn":1,"born_in_chaos_v1:maggot":1,"minecraft:chicken":2,"born_in_chaos_v1:corpse_fly":2,"born_in_chaos_v1:corpse_fish":2,"alexsmobs:flying_fish":1},"minecraft:crafted":{"minecraft:oak_planks":24,"minecraft:crafting_table":1,"minecraft:furnace":1,"minecraft:stone_axe":1,"born_in_chaos_v1:fried_maggot":2,"minecraft:stick":4,"minecraft:stone_pickaxe":1,"minecraft:stone_sword":1},"minecraft:mined":{"minecraft:glass_pane":1,"minecraft:red_bed":1,"minecraft:smoker":1,"duneons:gearon":1,"minecraft:crafting_table":1,"minecraft:lever":1,"minecraft:poppy":7,"duneons:doubleplanthighlandfern":2,"duneons:highlandtallgrass":15,"minecraft:sandstone":11,"minecraft:spawner":1,"minecraft:hay_block":3,"minecraft:red_terracotta":31,"minecraft:furnace":1,"duneons:highlandlampwood":4,"minecraft:birch_log":4,"duneons:highbigtallgrass":5,"minecraft:andesite":3,"minecraft:birch_leaves":46,"duneons:windorangebannertop":1,"duneons:highlandfern":1,"duneons:windsweptblocks":2,"minecraft:grass":4,"minecraft:oak_log":23,"duneons:fan":1,"minecraft:acacia_fence":1,"minecraft:sand":21,"duneons:highlandberrybushempty":4,"duneons:dungeonscharreddirt":19,"minecraft:stone":27,"minecraft:oak_leaves":3},"minecraft:picked_up":{"duneons:highlandberries":22,"minecraft:birch_log":4,"duneons:dungeonscharreddirt":19,"born_in_chaos_v1:corpse_maggot":2,"minecraft:crafting_table":1,"minecraft:leather_chestplate":1,"minecraft:feather":3,"minecraft:chicken":3,"minecraft:andesite":3,"minecraft:wooden_pickaxe":3,"minecraft:smoker":1,"minecraft:acacia_pressure_plate":2,"duneons:windsweptblocks":2,"minecraft:oak_log":23,"toughasnails:purified_water_bottle":1,"duneons:gear":1,"minecraft:red_bed":1,"minecraft:string":2,"minecraft:apple":1,"minecraft:iron_ingot":1,"minecraft:cooked_chicken":3,"minecraft:poppy":6,"minecraft:glass_bottle":2,"minecraft:oak_planks":17,"duneons:highlandberrybushempty":5,"minecraft:egg":1,"minecraft:furnace":1,"minecraft:stick":8,"duneons:highlandlampwood":4,"minecraft:sandstone":11,"minecraft:acacia_fence":1,"duneons:highlandfern":1,"minecraft:sand":19,"minecraft:red_terracotta":31,"minecraft:rotten_flesh":3,"minecraft:lever":1,"minecraft:hay_block":4,"duneons:fan":1,"minecraft:oak_sapling":5,"born_in_chaos_v1:rotten_fish":2,"alexsmobs:lobster_tail":1,"minecraft:cobblestone":22},"minecraft:used":{"minecraft:stone_sword":101,"minecraft:glass_bottle":20,"minecraft:stone_pickaxe":92,"minecraft:oak_planks":2,"minecraft:wooden_pickaxe":22,"minecraft:leather_chestplate":1,"minecraft:sandstone":8,"born_in_chaos_v1:fried_maggot":2,"minecraft:cooked_chicken":3,"minecraft:sand":18,"minecraft:crafting_table":1,"minecraft:red_bed":1,"duneons:goldchain":1,"minecraft:oak_log":13,"minecraft:apple":1,"alexsmobs:lobster_tail":1,"duneons:goatgear_helmet":1,"minecraft:stone_axe":27,"minecraft:potion":20,"born_in_chaos_v1:rotten_fish":1,"toughasnails:purified_water_bottle":1,"minecraft:furnace":1,"duneons:highlandberries":13}},"DataVersion":3465}