{"stats":{"minecraft:mined":{"duneons:melondirt":7,"minecraft:dirt":1,"duneons:glowmelonroot":5,"minecraft:powder_snow":15,"minecraft:oak_leaves":1,"minecraft:orange_bed":3},"minecraft:picked_up":{"aether:diamond_gloves":1,"minecraft:orange_bed":3,"minecraft:leather_chestplate":1,"minecraft:stone_sword":1,"minecraft:diamond_chestplate":1,"duneons:melondirt":12,"minecraft:bread":6,"minecraft:glass_bottle":1,"minecraft:dirt":1,"minecraft:bone":1},"minecraft:used":{"duneons:melondirt":2,"minecraft:orange_bed":2,"minecraft:diamond_sword":2,"minecraft:potion":24,"minecraft:cooked_porkchop":3,"minecraft:glass_bottle":25,"minecraft:bread":5,"minecraft:leather_chestplate":1},"minecraft:dropped":{"minecraft:diamond_chestplate":1},"minecraft:killed":{"born_in_chaos_v1:baby_skeleton":1},"minecraft:custom":{"minecraft:open_barrel":1,"minecraft:open_chest":12,"minecraft:time_since_rest":18011,"minecraft:crouch_one_cm":924,"minecraft:play_time":29981,"minecraft:sprint_one_cm":27839,"minecraft:damage_taken":760,"minecraft:walk_one_cm":58312,"minecraft:sneak_time":1476,"minecraft:walk_under_water_one_cm":28706,"minecraft:mob_kills":1,"minecraft:drop":1,"minecraft:jump":356,"minecraft:damage_dealt":63,"minecraft:time_since_death":29981,"minecraft:walk_on_water_one_cm":7663,"minecraft:sleep_in_bed":1,"minecraft:total_world_time":29981,"minecraft:swim_one_cm":2731,"minecraft:fall_one_cm":11387,"minecraft:fly_one_cm":34038}},"DataVersion":3465}