{"stats":{"minecraft:mined":{"minecraft:spruce_planks":7,"minecraft:light_gray_stained_glass_pane":1,"minecraft:cobbled_deepslate_stairs":1,"duneons:bigferncreeperwoods":2,"duneons:spideregg":1,"minecraft:grass_block":7,"minecraft:spruce_leaves":6,"minecraft:hay_block":1,"minecraft:light_blue_wall_banner":1,"minecraft:moss_carpet":1,"minecraft:gold_block":1,"duneons:mossendirt":1,"expanded_structures:incidious_stump":2,"minecraft:oak_stairs":1,"minecraft:bookshelf":33,"duneons:melondirt":9,"minecraft:flowering_azalea_leaves":3,"minecraft:iron_bars":3,"minecraft:deepslate_brick_stairs":1,"duneons:glowmelonroot":7,"minecraft:stone":30,"duneons:strongcolon":1,"minecraft:player_head":1,"duneons:mossstoneblock":4,"minecraft:orange_bed":7,"minecraft:flowering_azalea":2,"minecraft:glass_pane":1,"minecraft:powder_snow":15,"expanded_structures:voided_wood_log":2,"minecraft:calcite":3,"minecraft:poppy":2,"minecraft:rose_bush":18,"minecraft:cobblestone":2,"minecraft:tall_grass":2,"minecraft:oak_planks":1,"minecraft:sugar_cane":2,"expanded_structures:corrupted_log":34,"expanded_structures:corrupted_fence":1,"minecraft:coarse_dirt":1,"minecraft:dark_oak_slab":1,"duneons:highblockhallsdoor":3,"minecraft:mud":1,"minecraft:birch_log":10,"minecraft:sea_pickle":1,"minecraft:black_wall_banner":2,"minecraft:jukebox":1,"minecraft:birch_leaves":4,"minecraft:stone_brick_stairs":3,"duneons:creeperwoodstallgrass":8,"minecraft:yellow_stained_glass_pane":1,"minecraft:grass":14,"minecraft:black_wool":1,"minecraft:coal_ore":12,"minecraft:sand":27,"minecraft:dirt":6,"duneons:lamppostdown":1,"minecraft:polished_andesite":1,"minecraft:netherrack":1,"minecraft:oak_leaves":16,"minecraft:fern":8},"minecraft:picked_up":{"minecraft:mud":1,"minecraft:diamond_sword":1,"minecraft:oak_stairs":1,"minecraft:gold_block":1,"minecraft:potion":1,"duneons:guardianbow":1,"minecraft:stone_brick_stairs":1,"minecraft:chain":1,"duneons:highblockhallsdoor":2,"duneons:battlerobe_chestplate":1,"expanded_structures:corrupted_fence":1,"minecraft:string":6,"minecraft:moss_carpet":1,"aether:diamond_gloves":1,"minecraft:bucket":3,"minecraft:spruce_planks":5,"minecraft:beef":3,"minecraft:player_head":1,"minecraft:rose_bush":15,"minecraft:calcite":3,"duneons:elytepowerbow":1,"minecraft:poppy":1,"minecraft:sugar_cane":4,"minecraft:raw_iron":1,"minecraft:jukebox":1,"minecraft:acacia_log":4,"expanded_structures:voided_wood_log":2,"minecraft:stone_button":1,"duneons:skeletonspear":1,"minecraft:orange_bed":7,"expanded_structures:incidious_stump":2,"minecraft:stone_sword":1,"minecraft:arrow":4,"minecraft:diamond_chestplate":1,"minecraft:rotten_flesh":3,"minecraft:gold_ingot":5,"minecraft:black_banner":1,"minecraft:deepslate_brick_stairs":1,"duneons:archerarmor_helmet":1,"minecraft:iron_bars":2,"duneons:ghostspookyarmor_chestplate":1,"minecraft:white_wool":9,"minecraft:cobblestone":32,"minecraft:birch_log":11,"born_in_chaos_v1:corpse_maggot":4,"minecraft:leather_chestplate":1,"minecraft:feather":2,"minecraft:cooked_beef":2,"duneons:ghostspookyarmor_helmet":1,"minecraft:leather":5,"minecraft:potato":9,"duneons:melondirt":12,"duneons:bubblebowspooky_2":1,"minecraft:cobbled_deepslate_stairs":1,"minecraft:dirt":10,"minecraft:cooked_mutton":3,"minecraft:bone":3,"minecraft:wheat_seeds":4,"minecraft:stone_pickaxe":1,"minecraft:iron_ingot":3,"minecraft:glass_bottle":2,"expanded_structures:corrupted_log":26,"minecraft:oak_planks":2,"minecraft:flowering_azalea":3,"minecraft:book":107,"minecraft:dark_oak_slab":1,"minecraft:cooked_porkchop":10,"born_in_chaos_v1:ethereal_spirit":2,"minecraft:sand":27,"travelersbackpack:blue_sleeping_bag":1,"minecraft:spruce_sapling":15,"minecraft:spruce_log":2,"minecraft:spider_eye":1,"minecraft:chainmail_leggings":1,"duneons:lamppostdown":1,"minecraft:bread":18,"minecraft:black_wool":1,"minecraft:coal":12,"duneons:archerarmor_chestplate":1},"minecraft:used":{"minecraft:iron_bars":2,"minecraft:stone_shovel":25,"minecraft:spruce_planks":2,"minecraft:orange_bed":6,"minecraft:dirt":2,"duneons:melondirt":6,"minecraft:flowering_azalea":1,"minecraft:diamond_chestplate":6,"minecraft:golden_carrot":5,"minecraft:cooked_beef":5,"duneons:highblockhallsdoor":2,"minecraft:calcite":2,"minecraft:cooked_mutton":3,"minecraft:water_bucket":43,"minecraft:birch_planks":2,"minecraft:glass_bottle":126,"minecraft:oak_planks":2,"minecraft:leather_chestplate":8,"minecraft:diamond_axe":115,"minecraft:diamond_pickaxe":73,"minecraft:bread":7,"minecraft:stone_button":1,"minecraft:diamond_sword":156,"minecraft:cobblestone":7,"minecraft:potion":124,"travelersbackpack:standard":12,"minecraft:cooked_porkchop":23,"minecraft:bucket":44,"alexsmobs:animal_dictionary":1,"minecraft:air":7},"minecraft:dropped":{"minecraft:wheat_seeds":2,"duneons:melondirt":6,"travelersbackpack:blue_sleeping_bag":1,"minecraft:acacia_log":2,"minecraft:stick":2,"minecraft:dirt":7,"minecraft:flowering_azalea":1,"minecraft:string":6,"minecraft:bucket":3,"minecraft:sugar_cane":4,"minecraft:stone_sword":1,"expanded_structures:corrupted_fence":1,"minecraft:diamond_sword":1,"minecraft:diamond_chestplate":1,"minecraft:spider_eye":1,"minecraft:arrow":4},"minecraft:killed":{"born_in_chaos_v1:zombie_lumberjack":2,"born_in_chaos_v1:restless_spirit":1,"expanded_structures:buman":1,"minecraft:spider":2,"born_in_chaos_v1:zombie_bruiser":1,"born_in_chaos_v1:maggot":1,"minecraft:skeleton":2,"duneons:vangruardskeleton":1,"minecraft:pig":6,"born_in_chaos_v1:baby_skeleton":1,"minecraft:sheep":2,"born_in_chaos_v1:bloody_gadfly":1,"minecraft:zombie":4,"born_in_chaos_v1:corpse_fly":1,"minecraft:cow":2},"minecraft:crafted":{"minecraft:stone_shovel":1,"minecraft:glass":27,"minecraft:chest":1,"minecraft:cooked_beef":3,"minecraft:red_dye":7,"minecraft:diamond_axe":1,"minecraft:spruce_planks":8,"travelersbackpack:backpack_tank":2,"travelersbackpack:standard":1,"minecraft:red_wool":7,"minecraft:bucket":1,"minecraft:birch_planks":4,"minecraft:air":0,"travelersbackpack:red_sleeping_bag":1,"minecraft:diamond_pickaxe":1,"minecraft:stick":8,"minecraft:iron_ingot":2,"minecraft:gold_ingot":9},"minecraft:custom":{"minecraft:mob_kills":40,"minecraft:interact_with_crafting_table":21,"minecraft:open_barrel":4,"minecraft:open_shulker_box":3,"minecraft:damage_dealt_resisted":280,"minecraft:time_since_death":191981,"minecraft:climb_one_cm":2257,"minecraft:sprint_one_cm":302760,"minecraft:walk_one_cm":470755,"minecraft:drop":25,"minecraft:play_time":191981,"minecraft:sneak_time":3987,"minecraft:walk_under_water_one_cm":45159,"minecraft:jump":2649,"minecraft:interact_with_blast_furnace":10,"minecraft:walk_on_water_one_cm":27381,"minecraft:total_world_time":191981,"minecraft:interact_with_furnace":10,"minecraft:sleep_in_bed":9,"minecraft:time_since_rest":15923,"minecraft:damage_taken":2982,"minecraft:damage_dealt":5770,"minecraft:swim_one_cm":35909,"minecraft:fly_one_cm":407755,"minecraft:open_chest":33,"minecraft:crouch_one_cm":8273,"minecraft:interact_with_smoker":5,"minecraft:fall_one_cm":55964}},"DataVersion":3465}