{"stats":{"minecraft:custom":{"minecraft:interact_with_smithing_table":1,"minecraft:interact_with_furnace":6,"minecraft:mob_kills":3,"minecraft:interact_with_crafting_table":8,"minecraft:bell_ring":9,"minecraft:leave_game":1,"minecraft:time_since_death":38215,"minecraft:sleep_in_bed":1,"minecraft:climb_one_cm":12,"minecraft:time_since_rest":2876,"minecraft:sprint_one_cm":69707,"minecraft:damage_taken":84,"minecraft:walk_one_cm":128194,"minecraft:drop":8,"minecraft:damage_dealt":148,"minecraft:swim_one_cm":8054,"minecraft:fly_one_cm":108085,"minecraft:open_chest":2,"minecraft:crouch_one_cm":1096,"minecraft:play_time":38215,"minecraft:sneak_time":300,"minecraft:walk_under_water_one_cm":7908,"minecraft:jump":552,"minecraft:walk_on_water_one_cm":4690,"minecraft:total_world_time":38215,"minecraft:interact_with_smoker":9,"minecraft:fall_one_cm":8577},"minecraft:dropped":{"duneons:highlandfern":5,"minecraft:iron_pickaxe":3},"minecraft:killed":{"alexsmobs:lobster":3},"minecraft:crafted":{"minecraft:glass_bottle":3,"minecraft:oak_planks":24,"alexsmobs:cooked_lobster_tail":1,"minecraft:stone_axe":1,"minecraft:bread":63,"minecraft:glass":3,"born_in_chaos_v1:fried_maggot":2,"minecraft:stick":8,"minecraft:stone_pickaxe":1,"minecraft:stone_sword":1,"minecraft:wheat":189},"minecraft:mined":{"duneons:developerstatue":1,"minecraft:crafting_table":1,"duneons:creeperbanner":1,"duneons:highlandtallgrass":10,"duneons:outpostblueslab":1,"minecraft:redstone_wire":7,"minecraft:cobblestone":1,"minecraft:hay_block":21,"duneons:leaveswindswept":8,"minecraft:birch_leaves":5,"duneons:highlandfern":7,"minecraft:yellow_bed":1,"duneons:outpostbricks":1,"minecraft:grass":1,"minecraft:oak_log":18,"minecraft:sand":28,"duneons:highlandlog":11,"duneons:outpostblueplanks":1,"minecraft:stone":8,"minecraft:polished_andesite":2,"minecraft:oak_leaves":19,"duneons:andesitebreked":1,"duneons:lavabrickblock":2},"minecraft:picked_up":{"born_in_chaos_v1:corpse_maggot":1,"minecraft:crafting_table":1,"minecraft:leather_chestplate":1,"duneons:developerstatue":1,"minecraft:oak_log":18,"minecraft:yellow_bed":1,"minecraft:dirt":1,"duneons:lavabrickblock":3,"minecraft:iron_pickaxe":2,"duneons:highlandlog":26,"minecraft:stick":1,"minecraft:copper_ingot":1,"duneons:andesitebreked":1,"duneons:highlandfern":12,"minecraft:sand":28,"minecraft:redstone":8,"duneons:leaveswindswept":6,"duneons:outpostblueslab":1,"minecraft:polished_andesite":2,"minecraft:hay_block":21,"minecraft:oak_sapling":2,"duneons:creeperbanner":1,"alexsmobs:lobster_tail":1,"minecraft:cobblestone":12},"minecraft:used":{"minecraft:stone_sword":5,"minecraft:glass_bottle":7,"minecraft:stone_pickaxe":25,"minecraft:leather_chestplate":1,"born_in_chaos_v1:fried_maggot":2,"minecraft:sand":3,"minecraft:bread":1,"alexsmobs:cooked_lobster_tail":1,"minecraft:stone_axe":41,"minecraft:cobblestone":1,"minecraft:potion":5,"duneons:highlandfern":7,"duneons:leaveswindswept":1}},"DataVersion":3465}