{"stats":{"minecraft:mined":{"minecraft:spruce_planks":1,"minecraft:flowering_azalea":2,"minecraft:light_gray_stained_glass_pane":1,"minecraft:cobbled_deepslate_stairs":1,"minecraft:powder_snow":15,"minecraft:calcite":3,"minecraft:grass_block":5,"minecraft:poppy":1,"minecraft:rose_bush":4,"minecraft:tall_grass":1,"minecraft:spruce_leaves":6,"minecraft:sugar_cane":2,"minecraft:light_blue_wall_banner":1,"minecraft:coarse_dirt":1,"minecraft:dark_oak_slab":1,"minecraft:mud":1,"minecraft:sea_pickle":1,"minecraft:jukebox":1,"minecraft:gold_block":1,"minecraft:flowering_azalea_leaves":3,"minecraft:bookshelf":30,"minecraft:grass":5,"minecraft:coal_ore":12,"duneons:melondirt":8,"minecraft:iron_bars":1,"minecraft:dirt":6,"minecraft:sand":27,"minecraft:deepslate_brick_stairs":1,"duneons:glowmelonroot":5,"minecraft:stone":6,"minecraft:netherrack":1,"minecraft:oak_leaves":10,"minecraft:fern":8,"minecraft:orange_bed":7},"minecraft:picked_up":{"minecraft:birch_log":1,"minecraft:mud":1,"minecraft:leather_chestplate":1,"minecraft:feather":2,"minecraft:cooked_beef":2,"duneons:ghostspookyarmor_helmet":1,"minecraft:leather":5,"minecraft:potato":9,"minecraft:gold_block":1,"duneons:guardianbow":1,"duneons:bubblebowspooky_2":1,"duneons:melondirt":12,"minecraft:chain":1,"minecraft:cobbled_deepslate_stairs":1,"duneons:battlerobe_chestplate":1,"minecraft:string":2,"minecraft:dirt":9,"aether:diamond_gloves":1,"minecraft:cooked_mutton":3,"minecraft:bone":3,"minecraft:wheat_seeds":3,"minecraft:bucket":3,"minecraft:spruce_planks":2,"minecraft:iron_ingot":3,"minecraft:beef":3,"minecraft:rose_bush":3,"duneons:elytepowerbow":1,"minecraft:calcite":3,"minecraft:poppy":1,"minecraft:glass_bottle":1,"minecraft:sugar_cane":4,"minecraft:flowering_azalea":3,"minecraft:book":89,"minecraft:jukebox":1,"minecraft:raw_iron":1,"minecraft:dark_oak_slab":1,"minecraft:cooked_porkchop":1,"minecraft:acacia_log":4,"born_in_chaos_v1:ethereal_spirit":1,"minecraft:sand":27,"travelersbackpack:blue_sleeping_bag":1,"minecraft:spruce_sapling":15,"minecraft:spruce_log":2,"minecraft:spider_eye":1,"minecraft:orange_bed":7,"minecraft:arrow":4,"minecraft:stone_sword":1,"minecraft:rotten_flesh":1,"minecraft:diamond_chestplate":1,"minecraft:bread":6,"duneons:archerarmor_helmet":1,"duneons:ghostspookyarmor_chestplate":1,"minecraft:deepslate_brick_stairs":1,"minecraft:white_wool":9,"minecraft:coal":12,"minecraft:cobblestone":6,"duneons:archerarmor_chestplate":1},"minecraft:used":{"minecraft:calcite":2,"minecraft:cooked_mutton":3,"minecraft:water_bucket":5,"minecraft:glass_bottle":68,"minecraft:stone_shovel":25,"minecraft:leather_chestplate":5,"minecraft:diamond_axe":44,"minecraft:orange_bed":6,"minecraft:flowering_azalea":1,"duneons:melondirt":6,"minecraft:diamond_pickaxe":26,"minecraft:bread":6,"minecraft:diamond_chestplate":3,"minecraft:diamond_sword":81,"minecraft:cobblestone":5,"minecraft:potion":68,"travelersbackpack:standard":8,"minecraft:cooked_porkchop":14,"minecraft:bucket":5,"minecraft:cooked_beef":1,"alexsmobs:animal_dictionary":1,"minecraft:air":5},"minecraft:dropped":{"minecraft:sugar_cane":4,"minecraft:wheat_seeds":2,"minecraft:stone_sword":1,"duneons:melondirt":6,"travelersbackpack:blue_sleeping_bag":1,"minecraft:acacia_log":2,"minecraft:stick":2,"minecraft:dirt":7,"minecraft:diamond_chestplate":1,"minecraft:flowering_azalea":1,"minecraft:spider_eye":1,"minecraft:arrow":4,"minecraft:bucket":3,"minecraft:string":2},"minecraft:killed":{"minecraft:pig":1,"born_in_chaos_v1:zombie_lumberjack":1,"born_in_chaos_v1:baby_skeleton":1,"minecraft:spider":1,"born_in_chaos_v1:zombie_bruiser":1,"born_in_chaos_v1:maggot":1,"minecraft:sheep":2,"minecraft:skeleton":2,"minecraft:zombie":2,"minecraft:cow":2},"minecraft:custom":{"minecraft:interact_with_furnace":10,"minecraft:mob_kills":18,"minecraft:interact_with_crafting_table":21,"minecraft:open_barrel":4,"minecraft:open_shulker_box":1,"minecraft:damage_dealt_resisted":250,"minecraft:time_since_death":113981,"minecraft:sleep_in_bed":5,"minecraft:climb_one_cm":1794,"minecraft:time_since_rest":12102,"minecraft:sprint_one_cm":174711,"minecraft:damage_taken":1544,"minecraft:walk_one_cm":314154,"minecraft:drop":22,"minecraft:damage_dealt":2946,"minecraft:swim_one_cm":31520,"minecraft:fly_one_cm":218806,"minecraft:open_chest":27,"minecraft:crouch_one_cm":4298,"minecraft:play_time":113981,"minecraft:sneak_time":2484,"minecraft:walk_under_water_one_cm":33250,"minecraft:jump":1651,"minecraft:walk_on_water_one_cm":16575,"minecraft:interact_with_smoker":5,"minecraft:total_world_time":113981,"minecraft:fall_one_cm":35039},"minecraft:crafted":{"minecraft:cooked_beef":3,"minecraft:red_dye":7,"minecraft:stone_shovel":1,"minecraft:diamond_axe":1,"minecraft:spruce_planks":8,"travelersbackpack:backpack_tank":2,"travelersbackpack:standard":1,"minecraft:red_wool":7,"minecraft:bucket":1,"minecraft:birch_planks":4,"minecraft:air":0,"travelersbackpack:red_sleeping_bag":1,"minecraft:glass":27,"minecraft:diamond_pickaxe":1,"minecraft:stick":8,"minecraft:iron_ingot":2,"minecraft:gold_ingot":9,"minecraft:chest":1}},"DataVersion":3465}