{"stats":{"minecraft:picked_up":{"minecraft:bread":4,"minecraft:stone_sword":1,"minecraft:leather_chestplate":1,"minecraft:glass_bottle":1},"minecraft:used":{"minecraft:leather_chestplate":1},"minecraft:custom":{"minecraft:jump":7,"minecraft:time_since_rest":5981,"minecraft:crouch_one_cm":218,"minecraft:sprint_one_cm":385,"minecraft:play_time":5981,"minecraft:damage_taken":20,"minecraft:time_since_death":5981,"minecraft:walk_one_cm":4159,"minecraft:sneak_time":67,"minecraft:total_world_time":5981,"minecraft:fall_one_cm":693,"minecraft:fly_one_cm":710}},"DataVersion":3465}