{"stats":{"minecraft:custom":{"minecraft:time_since_rest":4530,"minecraft:play_time":4530,"minecraft:sprint_one_cm":804,"minecraft:walk_one_cm":21845,"minecraft:sneak_time":1,"minecraft:drop":5,"minecraft:jump":8,"minecraft:time_since_death":4530,"minecraft:total_world_time":4530,"minecraft:interact_with_crafting_table":5,"minecraft:fly_one_cm":455},"minecraft:dropped":{"duneons:highlandfern":5},"minecraft:crafted":{"minecraft:oak_planks":24,"minecraft:stone_axe":1,"minecraft:stick":8,"minecraft:stone_pickaxe":1},"minecraft:mined":{"minecraft:oak_log":6,"duneons:highlandtallgrass":9,"minecraft:stone":8,"duneons:highlandfern":7},"minecraft:picked_up":{"minecraft:leather_chestplate":1,"duneons:highlandfern":12,"minecraft:oak_log":6,"minecraft:cobblestone":11},"minecraft:used":{"minecraft:stone_pickaxe":8,"duneons:highlandfern":7,"minecraft:leather_chestplate":1}},"DataVersion":3465}