{"stats":{"minecraft:mined":{"minecraft:spruce_planks":7,"minecraft:cobbled_deepslate_stairs":1,"minecraft:brewing_stand":1,"minecraft:grass_block":9,"minecraft:deepslate_bricks":1,"minecraft:mossy_cobblestone_slab":1,"minecraft:cobbled_deepslate":1,"minecraft:moss_carpet":1,"minecraft:flowering_azalea_leaves":3,"minecraft:oak_stairs":1,"minecraft:iron_bars":5,"minecraft:deepslate_brick_stairs":1,"duneons:glowmelonroot":7,"duneons:strongcolon":1,"minecraft:player_head":1,"minecraft:orange_bed":8,"duneons:mossstoneblock":4,"minecraft:powder_snow":15,"expanded_structures:voided_wood_log":2,"minecraft:calcite":3,"minecraft:poppy":2,"minecraft:cobblestone":3,"minecraft:sugar_cane":2,"graveyard:lying_skeleton":1,"minecraft:oak_planks":1,"minecraft:damaged_anvil":1,"expanded_structures:corrupted_fence":1,"minecraft:dark_oak_slab":1,"minecraft:mud":1,"duneons:highblockhallsdoor":3,"minecraft:birch_log":10,"minecraft:jukebox":1,"minecraft:tnt":1,"minecraft:stone_brick_stairs":3,"duneons:creeperwoodstallgrass":11,"minecraft:yellow_stained_glass_pane":1,"minecraft:grass":21,"minecraft:sand":27,"minecraft:dirt":6,"duneons:lamppostdown":1,"duneons:slabspawn_5":1,"minecraft:netherrack":1,"minecraft:oak_leaves":20,"minecraft:red_carpet":11,"minecraft:light_gray_stained_glass_pane":1,"duneons:bigferncreeperwoods":3,"duneons:spideregg":1,"minecraft:nether_bricks":1,"minecraft:cobbled_deepslate_slab":5,"minecraft:spruce_leaves":6,"minecraft:hay_block":1,"minecraft:deepslate_brick_slab":3,"minecraft:light_blue_wall_banner":1,"minecraft:gold_block":1,"expanded_structures:incidious_stump":2,"minecraft:bookshelf":33,"duneons:melondirt":9,"duneons:mossendirt":1,"minecraft:stone":31,"minecraft:flowering_azalea":2,"minecraft:glass_pane":1,"minecraft:brick_wall":1,"travelersbackpack:standard":2,"minecraft:rose_bush":20,"minecraft:tall_grass":2,"expanded_structures:corrupted_log":34,"minecraft:coarse_dirt":1,"graveyard:vase_block":1,"minecraft:sea_pickle":1,"minecraft:black_wall_banner":2,"minecraft:birch_leaves":4,"minecraft:black_wool":1,"graveyard:dark_iron_bars":1,"minecraft:coal_ore":12,"minecraft:cyan_carpet":7,"minecraft:cobweb":1,"minecraft:cracked_stone_bricks":1,"minecraft:polished_andesite":3,"minecraft:fern":9},"minecraft:custom":{"minecraft:interact_with_crafting_table":52,"minecraft:open_barrel":4,"minecraft:open_shulker_box":4,"minecraft:eat_cake_slice":2,"minecraft:leave_game":10,"minecraft:time_since_death":812809,"minecraft:sprint_one_cm":551888,"minecraft:drop":95,"minecraft:play_noteblock":5,"minecraft:talked_to_villager":1,"minecraft:play_time":1007761,"minecraft:deaths":2,"minecraft:jump":4188,"minecraft:walk_on_water_one_cm":38807,"minecraft:interact_with_furnace":36,"minecraft:play_record":3,"minecraft:sleep_in_bed":11,"minecraft:damage_dealt":8356,"minecraft:crouch_one_cm":22980,"minecraft:interact_with_smoker":12,"minecraft:inspect_dispenser":1,"minecraft:interact_with_smithing_table":13,"minecraft:mob_kills":52,"minecraft:damage_dealt_resisted":355,"minecraft:climb_one_cm":3294,"minecraft:walk_one_cm":1160142,"minecraft:sneak_time":16730,"minecraft:walk_under_water_one_cm":57503,"minecraft:interact_with_blast_furnace":12,"minecraft:total_world_time":1007761,"minecraft:tune_noteblock":13,"minecraft:interact_with_grindstone":2,"minecraft:time_since_rest":775415,"minecraft:damage_taken":4307,"minecraft:swim_one_cm":39982,"minecraft:fly_one_cm":3081076,"minecraft:open_chest":69,"minecraft:fall_one_cm":76749},"minecraft:used":{"minecraft:smooth_quartz_slab":8,"minecraft:spruce_slab":39,"expanded_structures:corrupted_log":1,"minecraft:chest":2,"minecraft:brick_slab":23,"minecraft:nether_bricks":1,"duneons:melondirt":6,"minecraft:bricks":31,"minecraft:lantern":51,"minecraft:grass_block":611,"minecraft:dark_oak_slab":92,"minecraft:red_stained_glass_pane":772,"minecraft:redstone_lamp":3,"minecraft:brown_carpet":1,"slabsexpanded:white_concrete_slab":130,"minecraft:oak_planks":108,"minecraft:leather_chestplate":8,"minecraft:black_glazed_terracotta":1,"minecraft:diamond_axe":115,"minecraft:golden_apple":1,"minecraft:gray_concrete":112,"minecraft:cobbled_deepslate_stairs":1,"minecraft:daylight_detector":5,"minecraft:light_gray_concrete":171,"minecraft:birch_slab":153,"minecraft:bread":28,"minecraft:stone_button":1,"minecraft:cyan_carpet":6,"minecraft:flowering_azalea_leaves":93,"minecraft:diamond_sword":175,"minecraft:andesite":20,"minecraft:air":7,"minecraft:white_concrete":2201,"minecraft:iron_bars":2,"minecraft:red_concrete":265,"minecraft:stone_shovel":25,"minecraft:spruce_planks":113,"minecraft:wooden_shovel":62,"minecraft:orange_bed":6,"minecraft:dirt":3,"minecraft:flowering_azalea":1,"minecraft:sea_lantern":625,"minecraft:diamond_chestplate":7,"minecraft:golden_carrot":6,"minecraft:cooked_beef":5,"minecraft:calcite":2,"duneons:highblockhallsdoor":2,"minecraft:cooked_mutton":3,"minecraft:water_bucket":49,"minecraft:birch_planks":2206,"minecraft:glass_bottle":181,"minecraft:polished_andesite":2,"minecraft:music_disc_cat":3,"minecraft:oak_slab":22,"minecraft:smoker":1,"minecraft:oak_log":2,"minecraft:diamond_pickaxe":98,"minecraft:leather_helmet":1,"minecraft:spruce_trapdoor":27,"mcwdoors:garage_silver_door":18,"minecraft:cobblestone":43,"minecraft:potion":167,"travelersbackpack:standard":22,"minecraft:cobbled_deepslate_slab":7,"minecraft:cooked_porkchop":23,"minecraft:bucket":49,"alexsmobs:animal_dictionary":2},"minecraft:dropped":{"graveyard:upper_bone_staff":1,"minecraft:birch_planks":1,"duneons:melondirt":6,"travelersbackpack:blue_sleeping_bag":1,"minecraft:cracked_stone_bricks":3,"minecraft:dirt":10,"minecraft:dark_oak_planks":1,"minecraft:gold_ingot":1,"minecraft:bone":4,"mcwdoors:garage_silver_door":1,"minecraft:sugar_cane":4,"expanded_structures:corrupted_fence":1,"minecraft:deepslate_brick_slab":21,"minecraft:oak_planks":1,"minecraft:carrot":3,"minecraft:oak_wood":1,"minecraft:leather_boots":1,"minecraft:arrow":4,"minecraft:stone_brick_stairs":1,"minecraft:bread":1,"minecraft:wheat_seeds":2,"minecraft:tnt":6,"minecraft:acacia_log":2,"minecraft:grass_block":1,"minecraft:stick":2,"twilightforest:darkwood_sapling":1,"minecraft:potion":30,"minecraft:oak_stairs":1,"minecraft:flowering_azalea":1,"minecraft:chainmail_leggings":1,"minecraft:string":8,"minecraft:bucket":3,"minecraft:stone_sword":1,"minecraft:cobbled_deepslate_slab":7,"minecraft:diamond_sword":1,"minecraft:diamond_chestplate":1,"aether:chainmail_gloves":1,"minecraft:spider_eye":1},"minecraft:crafted":{"travelersbackpack:crafting_upgrade":1,"minecraft:glass":27,"minecraft:chest":5,"minecraft:smoker":1,"travelersbackpack:iron_tier_upgrade":1,"minecraft:diamond_axe":1,"minecraft:crafting_table":1,"minecraft:spruce_planks":20,"minecraft:baked_potato":50,"travelersbackpack:standard":5,"minecraft:red_wool":7,"minecraft:gold_block":8,"minecraft:birch_planks":12,"travelersbackpack:red_sleeping_bag":1,"minecraft:diamond_pickaxe":1,"minecraft:stick":8,"minecraft:iron_ingot":30,"minecraft:gold_ingot":70,"minecraft:stone_shovel":1,"minecraft:furnace":1,"travelersbackpack:blank_upgrade":4,"travelersbackpack:gold_tier_upgrade":1,"travelersbackpack:diamond_tier_upgrade":1,"minecraft:cooked_beef":3,"minecraft:red_dye":7,"travelersbackpack:backpack_tank":4,"minecraft:bucket":1,"minecraft:air":0},"minecraft:picked_up":{"minecraft:lead":1,"minecraft:diamond_sword":3,"minecraft:oak_stairs":3,"minecraft:potion":35,"minecraft:stone_brick_stairs":3,"duneons:highblockhallsdoor":2,"minecraft:brewing_stand":1,"expanded_structures:corrupted_fence":1,"duneons:battlerobe_chestplate":1,"minecraft:music_disc_cat":3,"minecraft:string":12,"aether:diamond_gloves":3,"minecraft:diamond_leggings":1,"minecraft:bucket":3,"minecraft:spruce_planks":7,"minecraft:rose_bush":28,"minecraft:calcite":3,"minecraft:jukebox":1,"minecraft:brick_wall":1,"minecraft:torch":6,"minecraft:acacia_log":4,"expanded_structures:voided_wood_log":6,"minecraft:brown_carpet":1,"minecraft:orange_bed":8,"minecraft:stone_sword":1,"minecraft:rotten_flesh":3,"minecraft:deepslate_brick_stairs":1,"duneons:archerarmor_helmet":3,"minecraft:cobblestone":81,"duneons:ghostspookyarmor_chestplate":3,"minecraft:iron_bars":2,"minecraft:birch_log":31,"minecraft:leather_chestplate":3,"minecraft:feather":2,"minecraft:cooked_beef":14,"minecraft:water_bucket":2,"minecraft:potato":119,"duneons:melondirt":12,"minecraft:dirt":28,"minecraft:lantern":1,"minecraft:leather_boots":1,"minecraft:bone":9,"minecraft:wheat_seeds":6,"minecraft:deepslate_brick_slab":21,"minecraft:cobbled_deepslate_slab":16,"expanded_structures:corrupted_log":79,"minecraft:oak_planks":2,"minecraft:cooked_porkchop":11,"mcwdoors:garage_silver_door":1,"minecraft:sand":27,"minecraft:grass_block":1,"graveyard:upper_bone_staff":1,"minecraft:polished_andesite":2,"minecraft:diamond":4,"minecraft:bone_meal":1,"minecraft:golden_apple":6,"duneons:lamppostdown":3,"alexsmobs:maggot":2,"minecraft:bread":37,"duneons:archerarmor_chestplate":3,"minecraft:diamond_pickaxe":2,"minecraft:mud":1,"minecraft:gold_block":1,"duneons:guardianbow":1,"minecraft:chain":1,"minecraft:moss_carpet":1,"minecraft:cyan_carpet":6,"minecraft:cracked_stone_bricks":4,"minecraft:beef":3,"minecraft:player_head":3,"duneons:elytepowerbow":3,"minecraft:poppy":1,"minecraft:sugar_cane":4,"minecraft:raw_iron":1,"expanded_structures:corrupted_doubloon":2,"minecraft:stone_button":1,"graveyard:dark_iron_bars":1,"minecraft:carrot":4,"duneons:skeletonspear":3,"minecraft:dark_oak_planks":1,"minecraft:tnt":8,"minecraft:diamond_chestplate":3,"minecraft:arrow":5,"expanded_structures:incidious_stump":6,"minecraft:stone_shovel":1,"minecraft:nether_bricks":1,"minecraft:black_banner":3,"minecraft:gold_ingot":5,"minecraft:mutton":5,"minecraft:white_wool":9,"twilightforest:darkwood_sapling":1,"born_in_chaos_v1:corpse_maggot":8,"minecraft:golden_carrot":7,"duneons:ghostspookyarmor_helmet":3,"minecraft:leather":14,"minecraft:birch_planks":1,"duneons:bubblebowspooky_2":1,"minecraft:oak_log":2,"minecraft:cobbled_deepslate_stairs":2,"minecraft:gunpowder":4,"minecraft:cooked_mutton":3,"minecraft:red_carpet":13,"minecraft:iron_ingot":5,"minecraft:stone_pickaxe":3,"minecraft:glass_bottle":2,"minecraft:flowering_azalea":3,"minecraft:book":125,"minecraft:dark_oak_slab":1,"born_in_chaos_v1:ethereal_spirit":4,"travelersbackpack:blue_sleeping_bag":1,"minecraft:spruce_sapling":15,"minecraft:spruce_log":2,"minecraft:sea_lantern":1,"minecraft:spider_eye":2,"minecraft:leather_helmet":1,"travelersbackpack:standard":2,"minecraft:chainmail_leggings":3,"minecraft:diamond_axe":2,"minecraft:damaged_anvil":1,"minecraft:black_wool":3,"minecraft:coal":12,"minecraft:ender_pearl":3},"minecraft:broken":{"minecraft:leather_helmet":1,"minecraft:leather_chestplate":1},"minecraft:killed":{"born_in_chaos_v1:zombie_lumberjack":2,"born_in_chaos_v1:restless_spirit":1,"expanded_structures:buman":1,"minecraft:spider":2,"minecraft:skeleton":5,"duneons:vangruardskeleton":1,"minecraft:pig":6,"minecraft:sheep":2,"minecraft:zombie":4,"born_in_chaos_v1:dread_hound":1,"born_in_chaos_v1:corpse_fly":1,"minecraft:cow":7,"born_in_chaos_v1:zombie_bruiser":1,"born_in_chaos_v1:maggot":1,"minecraft:horse":1,"born_in_chaos_v1:baby_skeleton":1,"born_in_chaos_v1:bloody_gadfly":1}},"DataVersion":3465}