{"stats":{"minecraft:mined":{"minecraft:powder_snow":15,"minecraft:poppy":1,"duneons:melondirt":7,"minecraft:dirt":1,"minecraft:spruce_leaves":1,"duneons:glowmelonroot":5,"minecraft:oak_leaves":3,"minecraft:fern":2,"minecraft:orange_bed":4},"minecraft:picked_up":{"minecraft:raw_iron":1,"minecraft:leather_chestplate":1,"minecraft:leather":2,"born_in_chaos_v1:ethereal_spirit":1,"minecraft:potato":9,"duneons:melondirt":12,"minecraft:spruce_sapling":8,"minecraft:chain":1,"minecraft:spruce_log":2,"minecraft:dirt":1,"aether:diamond_gloves":1,"minecraft:orange_bed":4,"minecraft:stone_sword":1,"minecraft:bone":3,"minecraft:diamond_chestplate":1,"minecraft:wheat_seeds":1,"minecraft:beef":3,"minecraft:poppy":1,"minecraft:bread":6,"minecraft:glass_bottle":1},"minecraft:used":{"duneons:melondirt":2,"minecraft:bread":6,"minecraft:glass_bottle":35,"minecraft:leather_chestplate":1,"minecraft:orange_bed":3,"minecraft:diamond_sword":26,"minecraft:potion":34,"minecraft:cooked_porkchop":6},"minecraft:dropped":{"minecraft:diamond_chestplate":1},"minecraft:crafted":{"minecraft:iron_ingot":1,"minecraft:bucket":1},"minecraft:killed":{"born_in_chaos_v1:baby_skeleton":1,"born_in_chaos_v1:zombie_bruiser":1,"minecraft:cow":1,"born_in_chaos_v1:maggot":1},"minecraft:custom":{"minecraft:time_since_rest":9693,"minecraft:interact_with_furnace":2,"minecraft:sprint_one_cm":51838,"minecraft:damage_taken":935,"minecraft:walk_one_cm":98162,"minecraft:mob_kills":4,"minecraft:drop":1,"minecraft:damage_dealt":1163,"minecraft:swim_one_cm":2731,"minecraft:interact_with_crafting_table":5,"minecraft:fly_one_cm":63281,"minecraft:open_barrel":4,"minecraft:open_chest":14,"minecraft:crouch_one_cm":924,"minecraft:play_time":41981,"minecraft:sneak_time":1477,"minecraft:walk_under_water_one_cm":28815,"minecraft:damage_dealt_resisted":250,"minecraft:jump":558,"minecraft:walk_on_water_one_cm":10018,"minecraft:time_since_death":41981,"minecraft:sleep_in_bed":2,"minecraft:total_world_time":41981,"minecraft:fall_one_cm":15943}},"DataVersion":3465}