{"stats":{"minecraft:dropped":{"minecraft:wheat_seeds":2,"minecraft:glass_bottle":2,"minecraft:stick":10,"minecraft:emerald":1,"minecraft:poppy":2,"minecraft:oak_sapling":3,"minecraft:glass":2,"minecraft:wooden_pickaxe":1,"travelersbackpack:backpack_tank":2,"duneons:sickles":1},"minecraft:crafted":{"minecraft:cooked_beef":12,"minecraft:glass_bottle":3,"minecraft:oak_planks":88,"minecraft:cooked_porkchop":14,"minecraft:crafting_table":2,"travelersbackpack:backpack_tank":4,"minecraft:wooden_pickaxe":1,"minecraft:furnace":1,"minecraft:bucket":1,"minecraft:birch_planks":4,"minecraft:stone_axe":1,"minecraft:bread":6,"minecraft:cooked_mutton":3,"minecraft:air":0,"minecraft:glass":29,"minecraft:stick":8,"minecraft:stone_pickaxe":1,"minecraft:wooden_axe":1},"minecraft:broken":{"minecraft:wooden_axe":1},"minecraft:killed":{"minecraft:pig":13,"minecraft:iron_golem":2,"alexsmobs:emu":2,"minecraft:sheep":4,"minecraft:goat":1,"minecraft:zombie":1,"alexsmobs:gazelle":7,"minecraft:cow":12},"minecraft:mined":{"minecraft:acacia_leaves":22,"minecraft:brewing_stand":1,"minecraft:crafting_table":1,"minecraft:spruce_fence":1,"minecraft:acacia_log":29,"minecraft:grass_block":3,"minecraft:lectern":1,"minecraft:tall_grass":2,"minecraft:oak_planks":6,"minecraft:spawner":1,"minecraft:orange_carpet":1,"minecraft:spruce_stairs":1,"minecraft:deepslate_brick_slab":1,"minecraft:furnace":1,"minecraft:birch_log":1,"minecraft:iron_ore":2,"minecraft:white_carpet":1,"minecraft:grass":19,"minecraft:coal_ore":50,"minecraft:oak_log":22,"minecraft:deepslate_brick_stairs":1,"minecraft:sand":24,"minecraft:dirt":17,"minecraft:stone":37,"minecraft:mossy_stone_bricks":1,"minecraft:fern":1,"minecraft:oak_leaves":3,"minecraft:orange_bed":8},"minecraft:used":{"minecraft:cooked_mutton":4,"minecraft:water_bucket":10,"minecraft:glass_bottle":35,"minecraft:stone_pickaxe":93,"minecraft:oak_planks":14,"minecraft:leather_chestplate":1,"minecraft:wooden_pickaxe":4,"minecraft:orange_bed":7,"minecraft:dirt":16,"minecraft:crafting_table":3,"born_in_chaos_v1:corpse_maggot":1,"minecraft:wooden_axe":41,"minecraft:stone_axe":46,"minecraft:potion":34,"minecraft:furnace":2,"minecraft:cooked_porkchop":1,"minecraft:bucket":11,"duneons:sickles":49,"minecraft:cooked_beef":5,"minecraft:air":2},"minecraft:custom":{"minecraft:interact_with_furnace":16,"minecraft:mob_kills":42,"minecraft:traded_with_villager":1,"minecraft:interact_with_crafting_table":10,"minecraft:interact_with_campfire":32,"minecraft:leave_game":3,"minecraft:time_since_death":84192,"minecraft:sleep_in_bed":8,"minecraft:climb_one_cm":821,"minecraft:time_since_rest":3778,"minecraft:sprint_one_cm":310210,"minecraft:damage_taken":223,"minecraft:walk_one_cm":108302,"minecraft:drop":22,"minecraft:damage_dealt":5986,"minecraft:swim_one_cm":44644,"minecraft:talked_to_villager":4,"minecraft:fly_one_cm":504326,"minecraft:open_chest":14,"minecraft:crouch_one_cm":4491,"minecraft:play_time":84192,"minecraft:sneak_time":2100,"minecraft:walk_under_water_one_cm":6291,"minecraft:jump":1933,"minecraft:walk_on_water_one_cm":9763,"minecraft:interact_with_smoker":1,"minecraft:total_world_time":84192,"minecraft:fall_one_cm":40835},"minecraft:picked_up":{"minecraft:birch_log":1,"born_in_chaos_v1:corpse_maggot":1,"minecraft:leather_chestplate":1,"minecraft:crafting_table":1,"minecraft:feather":1,"minecraft:cooked_beef":14,"minecraft:orange_carpet":1,"minecraft:brown_wool":1,"minecraft:leather":17,"minecraft:oak_log":22,"minecraft:brewing_stand":1,"alexsmobs:gazelle_horn":2,"minecraft:dirt":16,"minecraft:cooked_mutton":9,"minecraft:white_carpet":1,"alexsmobs:emu_feather":1,"minecraft:wheat_seeds":3,"minecraft:iron_ingot":7,"minecraft:beef":28,"minecraft:poppy":2,"minecraft:lectern":1,"minecraft:acacia_sapling":3,"minecraft:oak_planks":6,"minecraft:furnace":1,"minecraft:stick":10,"minecraft:raw_iron":2,"minecraft:cooked_porkchop":8,"minecraft:acacia_log":46,"minecraft:spruce_stairs":1,"minecraft:spruce_fence":1,"minecraft:porkchop":26,"minecraft:sand":30,"minecraft:orange_bed":8,"alexsmobs:emu_egg":4,"minecraft:gray_wool":1,"minecraft:emerald":2,"minecraft:oak_sapling":3,"minecraft:mutton":13,"minecraft:coal":49,"minecraft:white_wool":2,"minecraft:cobblestone":37}},"DataVersion":3465}