{"stats":{"minecraft:mined":{"minecraft:dark_oak_planks":1,"minecraft:spruce_planks":77,"minecraft:smoker":2,"minecraft:powder_snow":11,"minecraft:brewing_stand":2,"minecraft:crafting_table":4,"minecraft:granite":2,"minecraft:blast_furnace":3,"minecraft:grass_block":1,"minecraft:lectern":1,"minecraft:spruce_leaves":6,"minecraft:cyan_bed":2,"minecraft:cartography_table":2,"minecraft:wall_torch":3,"minecraft:spawner":2,"minecraft:furnace":1,"minecraft:iron_ore":5,"minecraft:ice":1,"minecraft:spruce_log":17,"minecraft:fletching_table":1,"minecraft:coal_ore":38,"minecraft:loom":1,"minecraft:sand":3,"minecraft:potted_cornflower":1,"minecraft:spruce_wood":66,"minecraft:stonecutter":1,"minecraft:stone":74},"minecraft:picked_up":{"minecraft:iron_chestplate":1,"minecraft:leather_chestplate":1,"minecraft:crafting_table":4,"minecraft:flower_pot":1,"minecraft:wooden_pickaxe":1,"minecraft:smoker":2,"minecraft:brewing_stand":2,"minecraft:cornflower":1,"minecraft:dirt":1,"minecraft:lantern":1,"minecraft:bone":1,"minecraft:stonecutter":1,"minecraft:cartography_table":2,"minecraft:spruce_planks":77,"minecraft:spruce_wood":65,"minecraft:iron_ingot":2,"minecraft:fletching_table":1,"minecraft:lectern":1,"minecraft:iron_sword":1,"minecraft:furnace":1,"minecraft:raw_iron":5,"minecraft:torch":4,"born_in_chaos_v1:ethereal_spirit":2,"minecraft:sand":3,"minecraft:blast_furnace":3,"minecraft:spruce_log":17,"minecraft:loom":1,"minecraft:cyan_bed":3,"minecraft:dark_oak_planks":1,"minecraft:arrow":2,"minecraft:granite":2,"minecraft:coal":58,"minecraft:cobblestone":70},"minecraft:used":{"minecraft:cooked_mutton":1,"minecraft:water_bucket":8,"minecraft:glass_bottle":28,"minecraft:stone_pickaxe":124,"minecraft:leather_chestplate":7,"minecraft:spruce_planks":209,"minecraft:wooden_pickaxe":7,"minecraft:iron_sword":5,"minecraft:torch":8,"minecraft:dirt":1,"minecraft:crafting_table":4,"minecraft:blast_furnace":2,"minecraft:carrot":4,"minecraft:smoker":1,"minecraft:lantern":1,"minecraft:cyan_bed":2,"minecraft:stone_axe":167,"minecraft:diamond_chestplate":7,"minecraft:potion":26,"minecraft:furnace":1,"minecraft:cooked_porkchop":4,"minecraft:bucket":8,"minecraft:cooked_beef":2,"minecraft:air":1},"minecraft:broken":{"minecraft:stone_axe":1},"minecraft:dropped":{"minecraft:compass":1,"minecraft:loom":1,"minecraft:glass_bottle":1,"minecraft:crafting_table":1,"minecraft:diamond_leggings":1,"minecraft:granite":2,"minecraft:fletching_table":1,"minecraft:blast_furnace":1,"minecraft:stick":3,"minecraft:flower_pot":1,"minecraft:diamond_chestplate":1,"aether:diamond_gloves":1,"minecraft:cornflower":1,"minecraft:potion":1,"minecraft:stonecutter":1,"minecraft:arrow":2,"minecraft:wooden_pickaxe":2,"minecraft:lectern":1,"minecraft:bone":1},"minecraft:killed":{"minecraft:skeleton":1},"minecraft:custom":{"minecraft:interact_with_furnace":4,"minecraft:mob_kills":1,"minecraft:interact_with_crafting_table":7,"minecraft:bell_ring":1,"minecraft:leave_game":1,"minecraft:time_since_death":60290,"minecraft:sleep_in_bed":2,"minecraft:time_since_rest":18011,"minecraft:sprint_one_cm":139245,"minecraft:damage_taken":468,"minecraft:walk_one_cm":90591,"minecraft:drop":24,"minecraft:damage_dealt":200,"minecraft:swim_one_cm":8414,"minecraft:talked_to_villager":11,"minecraft:fly_one_cm":126943,"minecraft:open_chest":23,"minecraft:crouch_one_cm":13706,"minecraft:play_time":60290,"minecraft:sneak_time":5933,"minecraft:walk_under_water_one_cm":44910,"minecraft:jump":1040,"minecraft:interact_with_blast_furnace":4,"minecraft:walk_on_water_one_cm":8843,"minecraft:total_world_time":60290,"minecraft:interact_with_smoker":9,"minecraft:fall_one_cm":14166},"minecraft:crafted":{"minecraft:cooked_beef":2,"minecraft:glass_bottle":3,"minecraft:cooked_porkchop":4,"minecraft:crafting_table":1,"minecraft:spruce_planks":196,"minecraft:wooden_pickaxe":1,"minecraft:furnace":1,"minecraft:bucket":1,"minecraft:stone_axe":2,"minecraft:cooked_mutton":6,"minecraft:air":0,"minecraft:glass":3,"minecraft:diamond":36,"minecraft:stick":12,"minecraft:iron_ingot":3,"minecraft:stone_pickaxe":1,"minecraft:torch":4}},"DataVersion":3465}