{"stats":{"minecraft:mined":{"minecraft:dark_oak_planks":4,"minecraft:black_shulker_box":36,"minecraft:spruce_planks":104,"minecraft:brewing_stand":2,"duneons:charredstone":1,"minecraft:granite":2,"minecraft:grass_block":65,"graveyard:skull_on_pike":4,"minecraft:chiseled_stone_bricks":1,"minecraft:spawner":23,"minecraft:tall_seagrass":1,"duneons:charredgrassblock":1,"minecraft:iron_ore":7,"minecraft:fire":4,"minecraft:anvil":1,"minecraft:fletching_table":1,"minecraft:iron_bars":5,"expanded_structures:smooth_pumpkin":2,"minecraft:spruce_wood":66,"minecraft:potted_cornflower":1,"minecraft:blue_orchid":1,"graveyard:middle_bone_staff":1,"minecraft:smoker":3,"minecraft:piglin_head":1,"minecraft:powder_snow":11,"expanded_structures:voided_wood_log":3,"minecraft:torch":3,"minecraft:blast_furnace":5,"minecraft:chest":6,"minecraft:cobblestone":4,"minecraft:grindstone":2,"graveyard:skeleton_hand":1,"minecraft:cyan_bed":9,"graveyard:lying_skeleton":3,"minecraft:oak_planks":8,"minecraft:sugar_cane":3,"minecraft:bricks":1,"minecraft:wall_torch":10,"minecraft:wheat":4,"expanded_structures:white_light":1,"minecraft:tnt":1,"graveyard:skull_pile":1,"duneons:creeperwoodstallgrass":2,"minecraft:grass":6,"minecraft:oak_log":1,"duneons:sanctumstone":1,"minecraft:loom":1,"minecraft:sand":39,"minecraft:stonecutter":1,"minecraft:oak_leaves":10,"minecraft:emerald_block":28,"graveyard:torso_pile":4,"minecraft:light_gray_stained_glass_pane":2,"minecraft:spruce_fence":2,"minecraft:spruce_leaves":11,"minecraft:cartography_table":2,"twilightforest:potted_green_thorn":1,"minecraft:large_fern":1,"minecraft:hay_block":43,"minecraft:carrots":1,"minecraft:furnace":2,"expanded_structures:bricked_pumpkin_stairs":1,"expanded_structures:incidious_stump":1,"minecraft:stone":76,"minecraft:smithing_table":1,"minecraft:redstone_block":1,"graveyard:laterally_lying_skeleton":3,"minecraft:stone_brick_slab":1,"minecraft:dandelion":1,"minecraft:crafting_table":9,"minecraft:emerald_ore":6,"minecraft:lectern":1,"twilightforest:potted_darkwood_sapling":1,"minecraft:tall_grass":5,"expanded_structures:wild_log":3,"expanded_structures:corrupted_log":41,"minecraft:birch_planks":6,"minecraft:lime_bed":5,"graveyard:skull_with_rib_cage":3,"duneons:signsword":1,"minecraft:ice":1,"minecraft:spruce_log":17,"minecraft:birch_leaves":4,"expanded_structures:black_refined_brick":7,"minecraft:yellow_bed":5,"minecraft:coal_ore":67,"minecraft:pitcher_crop":1,"minecraft:gravel":1,"graveyard:leaning_skeleton":3,"minecraft:acacia_planks":8,"minecraft:chipped_anvil":1,"graveyard:bone_remains":1,"duneons:lavabrickblock":1},"minecraft:used":{"minecraft:light_blue_stained_glass_pane":20,"minecraft:writable_book":1,"minecraft:iron_shovel":62,"minecraft:smooth_quartz_slab":506,"minecraft:spruce_slab":522,"minecraft:oak_sign":20,"minecraft:chest":28,"minecraft:iron_sword":10,"minecraft:stone":714,"minecraft:zombie_spawn_egg":16,"minecraft:soul_campfire":9,"minecraft:spruce_leaves":49,"minecraft:carrot":4,"minecraft:snowball":183,"minecraft:stripped_spruce_log":650,"minecraft:milk_bucket":2,"minecraft:glass":57,"minecraft:lava_bucket":1,"minecraft:bricks":1,"minecraft:quartz_pillar":15,"minecraft:villager_spawn_egg":10,"minecraft:black_stained_glass_pane":2067,"minecraft:lantern":27,"minecraft:grass_block":3403,"minecraft:dark_oak_wood":4,"minecraft:stone_brick_stairs":2,"minecraft:item_frame":6,"minecraft:red_stained_glass_pane":4,"minecraft:cooked_cod":4,"minecraft:furnace":4,"minecraft:egg":8,"minecraft:green_stained_glass_pane":60,"minecraft:stripped_spruce_wood":247,"minecraft:emerald_ore":26,"slabsexpanded:white_concrete_slab":3466,"minecraft:stripped_acacia_log":196,"minecraft:stone_pickaxe":128,"minecraft:oak_planks":8768,"minecraft:leather_chestplate":147,"minecraft:wooden_pickaxe":7,"minecraft:diamond_axe":115,"minecraft:smooth_quartz_stairs":114,"minecraft:oak_leaves":4,"aether:skyroot_leaves":110,"minecraft:golden_apple":3,"minecraft:blast_furnace":5,"minecraft:black_banner":1,"expanded_structures:pumpkin_sword":6,"minecraft:sponge":32,"minecraft:gray_concrete":183,"minecraft:green_concrete":759,"minecraft:dark_oak_log":45,"minecraft:light_gray_concrete":918,"minecraft:cyan_carpet":1,"minecraft:bread":53,"minecraft:cyan_bed":9,"minecraft:string":26,"minecraft:spore_blossom":3,"minecraft:cherry_sign":1,"minecraft:flowering_azalea_leaves":206,"minecraft:diamond_sword":318,"graveyard:upper_bone_staff":1,"minecraft:andesite":7559,"minecraft:smithing_table":1,"minecraft:white_stained_glass":15,"minecraft:air":9,"minecraft:smooth_stone_slab":116,"minecraft:white_concrete":26145,"minecraft:bone_meal":84,"minecraft:experience_bottle":2,"minecraft:oak_fence":12,"minecraft:oak_trapdoor":216,"minecraft:netherite_sword":22,"minecraft:jungle_leaves":132,"minecraft:iron_bars":3,"minecraft:stone_sword":110,"minecraft:flint_and_steel":33,"minecraft:spruce_planks":3608,"minecraft:torch":539,"minecraft:dirt":105,"minecraft:hopper":23,"minecraft:spruce_fence":14,"minecraft:sea_lantern":5445,"minecraft:acacia_slab":3,"minecraft:barrel":6,"minecraft:bamboo":35,"minecraft:diamond_chestplate":145,"minecraft:golden_carrot":1,"minecraft:black_stained_glass":48,"minecraft:lime_stained_glass":193,"slabsexpanded:lime_terracotta_slab":124,"minecraft:cooked_beef":9,"minecraft:acacia_planks":8,"minecraft:brown_bed":3,"duneons:highblockhallsdoor":1,"minecraft:cooked_mutton":2,"minecraft:water_bucket":2464,"minecraft:glass_bottle":294,"slabsexpanded:quartz_pillar_slab":1,"minecraft:andesite_slab":915,"minecraft:black_shulker_box":34,"minecraft:green_bed":6,"slabsexpanded:slabs_block":5,"minecraft:music_disc_cat":1,"minecraft:lime_bed":5,"minecraft:tnt":804,"minecraft:crafting_table":13,"minecraft:oak_slab":58,"expanded_structures:incidious_stump":2,"minecraft:white_bed":9,"minecraft:campfire":5,"slabsexpanded:green_terracotta_slab":156,"minecraft:spruce_log":206,"minecraft:smoker":6,"minecraft:oak_log":13,"minecraft:flower_pot":3,"minecraft:diamond_pickaxe":191,"minecraft:netherite_axe":202,"slabsexpanded:light_gray_concrete_slab":788,"minecraft:spruce_trapdoor":430,"minecraft:stone_axe":171,"slabsexpanded:green_concrete_slab":100,"minecraft:cobblestone":185,"minecraft:potion":299,"travelersbackpack:standard":16,"securitycraft:reinforced_white_concrete":619,"toughasnails:purified_water_bottle":1,"minecraft:cooked_porkchop":11,"minecraft:andesite_stairs":223,"toughasnails:purified_water_canteen":9,"minecraft:bucket":157,"minecraft:pumpkin_pie":45,"minecraft:yellow_bed":4,"alexsmobs:animal_dictionary":1,"minecraft:smooth_stone":174,"minecraft:green_stained_glass":197},"minecraft:killed":{"minecraft:cave_spider":6,"minecraft:zombified_piglin":2,"born_in_chaos_v1:zombie_lumberjack":1,"born_in_chaos_v1:door_knight_not_despawn":1,"minecraft:spider":11,"duneons:wraith":1,"born_in_chaos_v1:baby_skeleton_minion":2,"minecraft:skeleton":9,"duneons:necromancer":1,"minecraft:chicken":3,"born_in_chaos_v1:supreme_bonescaller_stage_2":1,"born_in_chaos_v1:bonescaller":1,"minecraft:pig":5,"expanded_structures:pumpkin_gremlin":4,"minecraft:creeper":11,"minecraft:sheep":17,"minecraft:trader_llama":2,"born_in_chaos_v1:zombie_fisherman":4,"expanded_structures:pumpkin_goliath":1,"minecraft:zombie":23,"born_in_chaos_v1:dread_hound":4,"born_in_chaos_v1:corpse_fly":2,"minecraft:ghast":1,"alexsmobs:fly":1,"minecraft:cow":21,"alexsmobs:raccoon":1,"minecraft:zoglin":1,"born_in_chaos_v1:zombie_bruiser":2,"born_in_chaos_v1:maggot":14,"minecraft:horse":7,"minecraft:drowned":3,"born_in_chaos_v1:barrel_zombie":4,"duneons:frozenzombie":4,"duneons:slimetropical":3,"born_in_chaos_v1:bone_imp_minion":8,"born_in_chaos_v1:swarmer":1,"born_in_chaos_v1:spirit_guide_assistant":1,"minecraft:wandering_trader":1,"born_in_chaos_v1:decrepit_skeleton":5,"born_in_chaos_v1:phantom_creeper_copy":1,"born_in_chaos_v1:bloody_gadfly":1,"expanded_structures:villager_outcast":13,"minecraft:villager":4},"minecraft:crafted":{"minecraft:smooth_stone":30,"travelersbackpack:crafting_upgrade":1,"minecraft:stone":30,"minecraft:cooked_mutton":6,"minecraft:glass":22,"minecraft:diamond_helmet":1,"minecraft:chest":5,"duneons:randonbowbox":7,"minecraft:glass_bottle":3,"travelersbackpack:iron_tier_upgrade":1,"minecraft:emerald":126,"minecraft:cooked_porkchop":4,"minecraft:diamond_axe":1,"minecraft:crafting_table":6,"minecraft:spruce_planks":332,"minecraft:wooden_pickaxe":1,"travelersbackpack:standard":1,"minecraft:diamond_pickaxe":1,"minecraft:emerald_block":6,"minecraft:stick":28,"minecraft:iron_ingot":23,"minecraft:iron_block":64,"minecraft:gold_ingot":18,"expanded_structures:corrupted_planks":20,"minecraft:furnace":1,"minecraft:spruce_fence":3,"travelersbackpack:gold_tier_upgrade":1,"travelersbackpack:blank_upgrade":4,"minecraft:diamond":36,"travelersbackpack:white_sleeping_bag":1,"minecraft:stone_pickaxe":1,"minecraft:diamond_boots":1,"travelersbackpack:diamond_tier_upgrade":1,"minecraft:wheat":153,"minecraft:cooked_beef":7,"travelersbackpack:backpack_tank":4,"minecraft:bucket":1,"minecraft:stone_axe":2,"minecraft:bread":104,"minecraft:air":0,"minecraft:acacia_planks":8,"minecraft:torch":20,"duneons:randomarmorbox":10},"minecraft:dropped":{"minecraft:iron_sword":2,"minecraft:porkchop":1,"minecraft:lapis_lazuli":5,"minecraft:glass_bottle":4,"minecraft:loom":1,"minecraft:ender_pearl":1,"minecraft:crafting_table":1,"duneons:charredgrassblock":1,"duneons:archerarmor_chestplate":2,"minecraft:fletching_table":1,"born_in_chaos_v1:pieceofdarkmetal":2,"born_in_chaos_v1:nightmare_claw":1,"duneons:ghostspookyarmor_chestplate":1,"minecraft:cod":10,"born_in_chaos_v1:monster_flesh":4,"minecraft:packed_mud":1,"minecraft:orange_carpet":4,"born_in_chaos_v1:monster_skin":3,"minecraft:cornflower":1,"minecraft:mutton":5,"minecraft:writable_book":1,"minecraft:bone_meal":4,"minecraft:dark_oak_planks":2,"minecraft:white_wool":5,"minecraft:bone":1,"minecraft:stone_axe":1,"minecraft:compass":1,"duneons:elytepowerbow":1,"expanded_structures:ender_shard":1,"duneons:ghostspookyarmor_helmet":1,"minecraft:wheat":2,"born_in_chaos_v1:ethereal_spirit":3,"minecraft:rotten_flesh":9,"minecraft:chiseled_stone_bricks":1,"minecraft:poppy":2,"minecraft:leather_chestplate":1,"minecraft:leather_boots":2,"born_in_chaos_v1:corpse_maggot":1,"minecraft:spruce_slab":5,"minecraft:iron_bars":6,"minecraft:arrow":2,"duneons:sanctumstone":1,"minecraft:glass":3,"minecraft:beef":16,"minecraft:flowering_azalea_leaves":1,"minecraft:cartography_table":2,"minecraft:lectern":1,"minecraft:water_bucket":1,"minecraft:golden_boots":1,"minecraft:iron_ingot":4,"minecraft:bread":24,"minecraft:stripped_spruce_log":2,"minecraft:wheat_seeds":2,"minecraft:golden_helmet":5,"minecraft:tnt":3,"minecraft:diamond_leggings":1,"minecraft:cobblestone":1,"minecraft:granite":2,"duneons:bubblebowspooky_2":1,"minecraft:yellow_carpet":1,"minecraft:stick":17,"minecraft:mossy_cobblestone_slab":1,"minecraft:white_concrete":4,"twilightforest:darkwood_sapling":1,"minecraft:potion":20,"duneons:dungeonscharredcobblestone":1,"expanded_structures:smashed_pumpkin":7,"toughasnails:purified_water_canteen":3,"minecraft:stonecutter":1,"minecraft:string":6,"minecraft:spruce_sapling":11,"alexsmobs:maggot":2,"duneons:archerarmor_helmet":2,"minecraft:green_concrete":1,"duneons:battlerobe_chestplate":1,"minecraft:blast_furnace":1,"duneons:highlandberries":15,"minecraft:potato":4,"minecraft:mud_bricks":3,"minecraft:flower_pot":3,"expanded_structures:light_crystal":3,"minecraft:diamond_chestplate":1,"aether:diamond_gloves":1,"minecraft:iron_chestplate":1,"minecraft:yellow_bed":2,"minecraft:bow":1,"minecraft:stone_pickaxe":1,"minecraft:wooden_pickaxe":2,"minecraft:cyan_bed":1,"duneons:guardianbow":2},"minecraft:broken":{"minecraft:stone_axe":1,"expanded_structures:pumpkin_sword":2},"minecraft:custom":{"minecraft:interact_with_crafting_table":43,"minecraft:open_shulker_box":104,"minecraft:bell_ring":1,"minecraft:eat_cake_slice":5,"minecraft:leave_game":20,"minecraft:time_since_death":2268468,"minecraft:sprint_one_cm":2284440,"minecraft:drop":248,"minecraft:play_noteblock":1,"minecraft:talked_to_villager":34,"minecraft:play_time":2268468,"minecraft:interact_with_brewingstand":1,"minecraft:jump":12199,"minecraft:walk_on_water_one_cm":101373,"minecraft:interact_with_furnace":44,"minecraft:play_record":1,"minecraft:traded_with_villager":17,"minecraft:sleep_in_bed":33,"minecraft:damage_dealt":37770,"minecraft:crouch_one_cm":83939,"minecraft:interact_with_smoker":19,"minecraft:interact_with_smithing_table":5,"minecraft:mob_kills":217,"minecraft:interact_with_campfire":39,"minecraft:damage_dealt_resisted":2316,"minecraft:climb_one_cm":2625,"minecraft:walk_one_cm":1080933,"minecraft:sneak_time":60554,"minecraft:walk_under_water_one_cm":152257,"minecraft:interact_with_blast_furnace":36,"minecraft:total_world_time":2268468,"minecraft:tune_noteblock":15,"minecraft:interact_with_grindstone":1,"minecraft:time_since_rest":14348,"minecraft:damage_taken":3654,"minecraft:damage_absorbed":101,"minecraft:swim_one_cm":89128,"minecraft:fly_one_cm":18101726,"minecraft:open_chest":279,"minecraft:fall_one_cm":219937},"minecraft:picked_up":{"minecraft:iron_chestplate":1,"minecraft:wheat":2,"minecraft:flower_pot":3,"minecraft:anvil":1,"minecraft:smithing_table":1,"minecraft:lead":2,"minecraft:potion":13,"minecraft:stone_brick_stairs":2,"minecraft:brewing_stand":2,"duneons:highblockhallsdoor":1,"duneons:battlerobe_chestplate":2,"minecraft:music_disc_cat":1,"minecraft:string":7,"minecraft:netherite_ingot":10,"minecraft:pufferfish":1,"minecraft:sea_pickle":1,"minecraft:black_shulker_box":36,"minecraft:smooth_stone":1,"minecraft:spruce_planks":108,"duneons:ghostkindler_chestplate":1,"minecraft:mangrove_log":1,"minecraft:furnace":2,"duneons:signsword":1,"minecraft:golden_helmet":3,"minecraft:stick":14,"born_in_chaos_v1:shattered_skull":1,"born_in_chaos_v1:phantom_powder":2,"minecraft:torch":41,"minecraft:acacia_log":2,"minecraft:porkchop":10,"expanded_structures:voided_wood_log":3,"minecraft:cherry_log":1,"born_in_chaos_v1:nightmare_claw":1,"minecraft:rotten_flesh":51,"duneons:bluebanner":1,"expanded_structures:light_crystal":3,"duneons:archerarmor_helmet":3,"minecraft:obsidian":7,"minecraft:iron_bars":9,"duneons:ghostspookyarmor_chestplate":2,"minecraft:cobblestone":76,"expanded_structures:black_refined_brick":4,"duneons:crystalblue":1,"minecraft:mossy_cobblestone_slab":1,"minecraft:leather_chestplate":2,"minecraft:feather":3,"minecraft:cooked_beef":14,"born_in_chaos_v1:spiritual_dust":4,"minecraft:water_bucket":1,"minecraft:orange_carpet":4,"minecraft:golden_leggings":1,"minecraft:smoker":3,"minecraft:potato":5,"duneons:bluekinghat_leggings":1,"minecraft:dirt":61,"minecraft:lantern":5,"born_in_chaos_v1:monster_skin":5,"born_in_chaos_v1:marigolds":6,"minecraft:leather_boots":3,"minecraft:glass":5,"minecraft:bone":124,"minecraft:chipped_anvil":1,"minecraft:bow":2,"minecraft:stonecutter":1,"minecraft:wheat_seeds":15,"minecraft:grindstone":2,"minecraft:fletching_table":1,"expanded_structures:corrupted_log":38,"minecraft:oak_planks":14,"toughasnails:purified_water_canteen":3,"minecraft:cooked_porkchop":9,"minecraft:sand":39,"minecraft:stripped_spruce_log":6,"minecraft:loom":1,"minecraft:cyan_bed":10,"slabsexpanded:quartz_pillar_slab":1,"minecraft:dark_oak_log":1,"minecraft:barrel":1,"graveyard:upper_bone_staff":1,"minecraft:stripped_acacia_log":1,"minecraft:yellow_carpet":1,"duneons:hoglinskull":3,"minecraft:writable_book":1,"minecraft:granite":2,"minecraft:emerald":6,"duneons:ghostkindler_helmet":1,"minecraft:golden_apple":4,"minecraft:white_concrete":107,"expanded_structures:wild_log":3,"minecraft:golden_horse_armor":1,"minecraft:bread":17,"alexsmobs:maggot":6,"born_in_chaos_v1:rotten_fish":3,"minecraft:bricks":1,"duneons:archerarmor_chestplate":3,"minecraft:crafting_table":9,"minecraft:chicken":3,"born_in_chaos_v1:seedof_chaos":3,"duneons:sanctumstone":1,"minecraft:wooden_pickaxe":1,"duneons:guardianbow":3,"minecraft:cornflower":1,"duneons:bards_garb_unique_1_helmet":1,"minecraft:cyan_carpet":1,"minecraft:cartography_table":2,"minecraft:beef":50,"born_in_chaos_v1:gnawed_bones":1,"minecraft:light_gray_wool":1,"duneons:elytepowerbow":2,"minecraft:poppy":2,"expanded_structures:smashed_pumpkin":7,"minecraft:spruce_slab":6,"minecraft:lectern":1,"minecraft:sugar_cane":11,"minecraft:chest":6,"minecraft:egg":2,"minecraft:raw_iron":7,"minecraft:copper_ingot":1,"minecraft:spruce_fence":3,"born_in_chaos_v1:pieceofdarkmetal":3,"minecraft:carrot":15,"minecraft:prismarine_crystals":7,"minecraft:dark_oak_planks":3,"minecraft:tnt":2,"minecraft:arrow":21,"expanded_structures:incidious_stump":2,"minecraft:cooked_cod":3,"minecraft:hay_block":40,"minecraft:gold_ingot":3,"minecraft:black_banner":1,"minecraft:mutton":21,"minecraft:white_wool":17,"twilightforest:darkwood_sapling":1,"duneons:bluekinghat_chestplate":1,"born_in_chaos_v1:corpse_maggot":5,"minecraft:lime_bed":5,"minecraft:mud_bricks":3,"born_in_chaos_v1:monster_flesh":9,"minecraft:salmon":3,"duneons:ghostspookyarmor_helmet":2,"minecraft:leather":39,"expanded_structures:ender_shard":1,"minecraft:packed_mud":1,"minecraft:oak_log":2,"duneons:bubblebowspooky_2":2,"toughasnails:purified_water_bottle":1,"minecraft:golden_boots":1,"minecraft:yellow_bed":6,"minecraft:gunpowder":12,"duneons:longbow":1,"minecraft:piglin_head":1,"minecraft:cooked_mutton":11,"duneons:charredgrassblock":1,"minecraft:kelp":4,"minecraft:spruce_wood":65,"minecraft:iron_ingot":4,"minecraft:cooked_chicken":3,"duneons:blackocelotarmor_chestplate":1,"minecraft:glass_bottle":4,"minecraft:iron_sword":2,"duneons:bards_garb_unique_1_chestplate":1,"duneons:keydiamond":1,"minecraft:emerald_block":28,"duneons:dungeonscharredcobblestone":1,"minecraft:pitcher_plant":1,"minecraft:chiseled_stone_bricks":1,"born_in_chaos_v1:orbofthe_summoner":1,"born_in_chaos_v1:ethereal_spirit":4,"duneons:necromancerball":1,"duneons:blackocelotarmor_helmet":1,"minecraft:spruce_sapling":18,"minecraft:blast_furnace":5,"minecraft:spruce_log":18,"graveyard:middle_bone_staff":1,"duneons:bluekinghat_helmet":1,"minecraft:spider_eye":2,"minecraft:iron_helmet":1,"minecraft:diamond_axe":1,"minecraft:coal":88}},"DataVersion":3465}