{"stats":{"minecraft:custom":{"minecraft:interact_with_smithing_table":2,"minecraft:interact_with_furnace":19,"minecraft:mob_kills":26,"minecraft:interact_with_crafting_table":14,"minecraft:time_since_death":39619,"minecraft:sleep_in_bed":1,"minecraft:climb_one_cm":216,"minecraft:time_since_rest":2876,"minecraft:sprint_one_cm":120057,"minecraft:damage_taken":107,"minecraft:walk_one_cm":53612,"minecraft:drop":17,"minecraft:damage_dealt":3944,"minecraft:talked_to_villager":1,"minecraft:swim_one_cm":54826,"minecraft:fly_one_cm":158616,"minecraft:open_chest":21,"minecraft:crouch_one_cm":5927,"minecraft:play_time":39619,"minecraft:sneak_time":3231,"minecraft:walk_under_water_one_cm":12172,"minecraft:jump":758,"minecraft:walk_on_water_one_cm":14564,"minecraft:total_world_time":39619,"minecraft:interact_with_smoker":5,"minecraft:fall_one_cm":12418},"minecraft:dropped":{"alexsmobs:maggot":1,"minecraft:cobblestone":6,"minecraft:rotten_flesh":1,"minecraft:stripped_oak_log":4,"minecraft:copper_ingot":2,"minecraft:stick":1,"minecraft:potion":2,"minecraft:bone":2},"minecraft:killed":{"minecraft:pig":4,"minecraft:salmon":3,"minecraft:spider":3,"minecraft:iron_golem":1,"duneons:wraith":1,"alexsmobs:seagull":1,"born_in_chaos_v1:decrepit_skeleton":1,"born_in_chaos_v1:maggot":1,"born_in_chaos_v1:zombie_fisherman":1,"alexsmobs:fly":1,"minecraft:drowned":4,"alexsmobs:flying_fish":3,"minecraft:cow":2},"minecraft:crafted":{"minecraft:cooked_beef":3,"minecraft:glass_bottle":3,"minecraft:oak_planks":48,"minecraft:cooked_porkchop":9,"minecraft:crafting_table":5,"minecraft:wooden_pickaxe":1,"minecraft:furnace":1,"minecraft:cooked_salmon":3,"minecraft:stone_axe":1,"duneons:outpostwood_planks":20,"minecraft:air":0,"minecraft:glass":3,"minecraft:white_wool":1,"minecraft:stick":12,"born_in_chaos_v1:smoked_flesh":4,"minecraft:stone_pickaxe":1,"minecraft:stone_sword":2},"minecraft:mined":{"minecraft:oak_fence":1,"duneons:anatomycreeper":1,"minecraft:acacia_log":1,"minecraft:grass_block":1,"minecraft:redstone_wire":1,"minecraft:tall_grass":3,"minecraft:cobblestone":8,"minecraft:oak_planks":7,"minecraft:moss_block":2,"minecraft:sugar_cane":2,"minecraft:wall_torch":1,"minecraft:tall_seagrass":1,"minecraft:furnace":1,"duneons:leaveswindswept":1,"minecraft:birch_log":13,"duneons:bigwellwater":1,"duneons:highlandfern":1,"minecraft:yellow_bed":2,"minecraft:grass":1,"minecraft:bookshelf":3,"minecraft:coal_ore":12,"minecraft:oak_log":38,"minecraft:dirt_path":1,"minecraft:oak_stairs":2,"minecraft:sand":9,"minecraft:stripped_oak_log":4,"duneons:highlandlog":5,"minecraft:stone":23,"minecraft:oak_leaves":8,"duneons:lavabrickblock":1},"minecraft:picked_up":{"minecraft:stripped_oak_log":4,"minecraft:birch_log":13,"minecraft:leather_chestplate":1,"minecraft:feather":1,"minecraft:salmon":3,"minecraft:leather":2,"minecraft:oak_stairs":2,"minecraft:oak_log":38,"minecraft:yellow_bed":2,"minecraft:string":6,"minecraft:bone":2,"minecraft:iron_ingot":4,"minecraft:beef":3,"minecraft:sugar_cane":5,"minecraft:birch_sapling":2,"minecraft:oak_planks":39,"minecraft:book":9,"duneons:highlandlog":5,"minecraft:stick":1,"minecraft:oak_fence":1,"minecraft:copper_ingot":2,"minecraft:oak_pressure_plate":1,"minecraft:torch":1,"minecraft:acacia_log":1,"duneons:anatomycreeper":1,"duneons:highlandfern":1,"minecraft:porkchop":9,"minecraft:sand":9,"minecraft:spider_eye":1,"minecraft:rotten_flesh":7,"alexsmobs:maggot":1,"minecraft:oak_sapling":2,"born_in_chaos_v1:rotten_fish":1,"minecraft:coal":12,"alexsmobs:flying_fish":3,"minecraft:cobblestone":31},"minecraft:used":{"minecraft:stone_sword":72,"minecraft:glass_bottle":13,"minecraft:stone_pickaxe":44,"minecraft:oak_planks":20,"minecraft:leather_chestplate":1,"minecraft:wooden_pickaxe":5,"minecraft:cooked_salmon":3,"minecraft:torch":1,"minecraft:sand":6,"minecraft:crafting_table":5,"minecraft:oak_log":4,"alexsmobs:flying_fish":3,"born_in_chaos_v1:smoked_flesh":3,"minecraft:stone_axe":78,"minecraft:potion":10,"minecraft:furnace":1,"minecraft:yellow_bed":1,"duneons:highlandfern":1}},"DataVersion":3465}