{"stats":{"minecraft:custom":{"minecraft:time_since_rest":15619,"minecraft:interact_with_furnace":6,"minecraft:sprint_one_cm":45860,"minecraft:walk_one_cm":21474,"minecraft:mob_kills":10,"minecraft:drop":6,"minecraft:damage_dealt":849,"minecraft:swim_one_cm":38998,"minecraft:interact_with_crafting_table":8,"minecraft:fly_one_cm":42104,"minecraft:open_chest":1,"minecraft:crouch_one_cm":3347,"minecraft:play_time":15619,"minecraft:sneak_time":1669,"minecraft:walk_under_water_one_cm":5579,"minecraft:jump":266,"minecraft:time_since_death":15619,"minecraft:walk_on_water_one_cm":8069,"minecraft:total_world_time":15619,"minecraft:fall_one_cm":4507},"minecraft:dropped":{"minecraft:cobblestone":6},"minecraft:killed":{"minecraft:salmon":3,"minecraft:drowned":4,"alexsmobs:flying_fish":2,"born_in_chaos_v1:maggot":1},"minecraft:crafted":{"minecraft:glass_bottle":3,"minecraft:glass":3,"minecraft:oak_planks":48,"minecraft:crafting_table":3,"minecraft:stick":8,"minecraft:wooden_pickaxe":1,"minecraft:stone_pickaxe":1,"minecraft:stone_sword":1,"minecraft:cooked_salmon":3,"minecraft:stone_axe":1,"minecraft:air":0,"duneons:outpostwood_planks":20},"minecraft:mined":{"minecraft:tall_seagrass":1,"minecraft:furnace":1,"duneons:leaveswindswept":1,"minecraft:birch_log":12,"minecraft:oak_log":38,"minecraft:sand":9,"minecraft:stripped_oak_log":4,"duneons:highlandlog":5,"minecraft:stone":23,"minecraft:sugar_cane":2,"minecraft:oak_leaves":7},"minecraft:picked_up":{"minecraft:birch_log":12,"duneons:highlandlog":5,"minecraft:leather_chestplate":1,"minecraft:salmon":3,"minecraft:copper_ingot":2,"minecraft:sand":9,"minecraft:oak_log":38,"minecraft:rotten_flesh":2,"minecraft:oak_sapling":2,"minecraft:sugar_cane":5,"minecraft:birch_sapling":2,"minecraft:oak_planks":10,"alexsmobs:flying_fish":2,"minecraft:cobblestone":23,"minecraft:stripped_oak_log":4},"minecraft:used":{"minecraft:oak_log":4,"alexsmobs:flying_fish":1,"minecraft:stone_sword":21,"minecraft:glass_bottle":6,"minecraft:stone_pickaxe":19,"minecraft:oak_planks":13,"minecraft:wooden_pickaxe":5,"minecraft:leather_chestplate":1,"minecraft:cooked_salmon":1,"minecraft:stone_axe":56,"minecraft:potion":3,"minecraft:crafting_table":3}},"DataVersion":3465}