{"stats":{"minecraft:dropped":{"minecraft:wheat_seeds":2,"minecraft:glass_bottle":2,"minecraft:emerald":1,"minecraft:poppy":2,"minecraft:wooden_pickaxe":1},"minecraft:crafted":{"minecraft:cooked_beef":12,"minecraft:glass_bottle":3,"minecraft:oak_planks":48,"minecraft:crafting_table":2,"travelersbackpack:backpack_tank":3,"minecraft:wooden_pickaxe":1,"minecraft:furnace":1,"minecraft:bucket":1,"minecraft:birch_planks":4,"minecraft:stone_axe":1,"minecraft:bread":6,"minecraft:cooked_mutton":3,"minecraft:air":0,"minecraft:glass":29,"minecraft:stick":8,"minecraft:stone_pickaxe":1,"minecraft:wooden_axe":1},"minecraft:broken":{"minecraft:wooden_axe":1},"minecraft:killed":{"minecraft:pig":12,"minecraft:iron_golem":2,"alexsmobs:emu":2,"minecraft:sheep":3,"minecraft:goat":1,"minecraft:zombie":1,"alexsmobs:gazelle":7,"minecraft:cow":11},"minecraft:mined":{"minecraft:acacia_leaves":22,"minecraft:brewing_stand":1,"minecraft:crafting_table":1,"minecraft:acacia_log":29,"minecraft:grass_block":3,"minecraft:lectern":1,"minecraft:tall_grass":2,"minecraft:oak_planks":6,"minecraft:deepslate_brick_slab":1,"minecraft:furnace":1,"minecraft:birch_log":1,"minecraft:grass":16,"minecraft:coal_ore":2,"minecraft:oak_log":12,"minecraft:deepslate_brick_stairs":1,"minecraft:sand":24,"minecraft:dirt":16,"minecraft:stone":36,"minecraft:mossy_stone_bricks":1,"minecraft:fern":1,"minecraft:oak_leaves":2,"minecraft:orange_bed":6},"minecraft:used":{"minecraft:cooked_mutton":3,"minecraft:water_bucket":2,"minecraft:glass_bottle":26,"minecraft:stone_pickaxe":41,"minecraft:oak_planks":6,"minecraft:leather_chestplate":1,"minecraft:wooden_pickaxe":4,"minecraft:orange_bed":5,"minecraft:dirt":14,"minecraft:crafting_table":3,"born_in_chaos_v1:corpse_maggot":1,"minecraft:wooden_axe":41,"minecraft:stone_axe":33,"minecraft:potion":25,"minecraft:furnace":2,"minecraft:bucket":3,"duneons:sickles":46,"minecraft:cooked_beef":4,"minecraft:air":2},"minecraft:custom":{"minecraft:interact_with_furnace":14,"minecraft:mob_kills":39,"minecraft:traded_with_villager":1,"minecraft:interact_with_crafting_table":8,"minecraft:leave_game":3,"minecraft:time_since_death":60192,"minecraft:sleep_in_bed":6,"minecraft:climb_one_cm":418,"minecraft:time_since_rest":5272,"minecraft:sprint_one_cm":224076,"minecraft:damage_taken":195,"minecraft:walk_one_cm":71599,"minecraft:drop":8,"minecraft:damage_dealt":5706,"minecraft:swim_one_cm":34128,"minecraft:talked_to_villager":4,"minecraft:fly_one_cm":361040,"minecraft:open_chest":9,"minecraft:crouch_one_cm":2959,"minecraft:play_time":60192,"minecraft:sneak_time":1476,"minecraft:walk_under_water_one_cm":4959,"minecraft:jump":1335,"minecraft:walk_on_water_one_cm":8078,"minecraft:interact_with_smoker":1,"minecraft:total_world_time":60192,"minecraft:fall_one_cm":28659},"minecraft:picked_up":{"minecraft:birch_log":1,"born_in_chaos_v1:corpse_maggot":1,"minecraft:leather_chestplate":1,"minecraft:crafting_table":1,"minecraft:feather":1,"minecraft:brown_wool":1,"minecraft:leather":15,"minecraft:oak_log":12,"minecraft:brewing_stand":1,"alexsmobs:gazelle_horn":2,"minecraft:dirt":16,"alexsmobs:emu_feather":1,"minecraft:wheat_seeds":3,"minecraft:iron_ingot":7,"minecraft:beef":26,"minecraft:poppy":2,"minecraft:lectern":1,"minecraft:acacia_sapling":3,"minecraft:oak_planks":6,"minecraft:furnace":1,"minecraft:stick":3,"minecraft:acacia_log":46,"minecraft:porkchop":23,"minecraft:sand":30,"minecraft:orange_bed":6,"alexsmobs:emu_egg":4,"minecraft:gray_wool":1,"minecraft:emerald":2,"minecraft:mutton":12,"minecraft:coal":1,"minecraft:white_wool":1,"minecraft:cobblestone":36}},"DataVersion":3465}