{"stats":{"minecraft:custom":{"minecraft:time_since_rest":105,"minecraft:interact_with_furnace":1,"minecraft:sprint_one_cm":37353,"minecraft:walk_one_cm":9203,"minecraft:mob_kills":5,"minecraft:damage_dealt":1400,"minecraft:swim_one_cm":3388,"minecraft:interact_with_crafting_table":1,"minecraft:fly_one_cm":39243,"minecraft:open_chest":2,"minecraft:crouch_one_cm":109,"minecraft:play_time":6767,"minecraft:sneak_time":313,"minecraft:walk_under_water_one_cm":46,"minecraft:jump":167,"minecraft:leave_game":1,"minecraft:time_since_death":6767,"minecraft:walk_on_water_one_cm":118,"minecraft:sleep_in_bed":1,"minecraft:total_world_time":6767,"minecraft:fall_one_cm":3559},"minecraft:killed":{"minecraft:iron_golem":1,"minecraft:cow":4},"minecraft:crafted":{"minecraft:oak_planks":48,"minecraft:crafting_table":1,"minecraft:stick":4,"minecraft:wooden_axe":1,"minecraft:birch_planks":4},"minecraft:mined":{"minecraft:acacia_leaves":20,"minecraft:birch_log":1,"minecraft:acacia_log":7,"minecraft:oak_log":12,"minecraft:lectern":1,"minecraft:oak_planks":3,"minecraft:orange_bed":1},"minecraft:picked_up":{"minecraft:birch_log":1,"minecraft:leather":5,"minecraft:acacia_log":7,"minecraft:oak_log":12,"minecraft:orange_bed":1,"minecraft:beef":12,"minecraft:iron_ingot":3,"minecraft:poppy":1,"minecraft:lectern":1,"minecraft:mutton":3,"minecraft:oak_planks":3,"minecraft:acacia_sapling":1},"minecraft:used":{"minecraft:wooden_axe":37,"minecraft:oak_planks":3,"minecraft:orange_bed":1,"minecraft:crafting_table":1}},"DataVersion":3465}