{"stats":{"minecraft:mined":{"minecraft:black_shulker_box":13,"minecraft:dark_oak_planks":1,"minecraft:spruce_planks":94,"minecraft:light_gray_stained_glass_pane":1,"minecraft:brewing_stand":2,"minecraft:granite":2,"minecraft:grass_block":3,"minecraft:spruce_leaves":11,"minecraft:cartography_table":2,"minecraft:spawner":13,"minecraft:large_fern":1,"minecraft:hay_block":20,"minecraft:furnace":1,"expanded_structures:bricked_pumpkin_stairs":1,"minecraft:iron_ore":5,"minecraft:fletching_table":1,"expanded_structures:incidious_stump":1,"minecraft:iron_bars":2,"expanded_structures:smooth_pumpkin":2,"minecraft:spruce_wood":66,"minecraft:potted_cornflower":1,"minecraft:blue_orchid":1,"minecraft:stone":75,"minecraft:smoker":2,"minecraft:stone_brick_slab":1,"minecraft:piglin_head":1,"minecraft:powder_snow":11,"expanded_structures:voided_wood_log":3,"minecraft:crafting_table":7,"minecraft:blast_furnace":3,"minecraft:lectern":1,"minecraft:tall_grass":1,"expanded_structures:wild_log":3,"minecraft:cyan_bed":7,"minecraft:wall_torch":3,"expanded_structures:corrupted_log":40,"minecraft:birch_planks":6,"duneons:signsword":1,"minecraft:ice":1,"minecraft:spruce_log":17,"expanded_structures:white_light":1,"minecraft:yellow_bed":2,"expanded_structures:black_refined_brick":7,"duneons:creeperwoodstallgrass":2,"minecraft:grass":1,"minecraft:coal_ore":55,"duneons:sanctumstone":1,"minecraft:sand":39,"minecraft:loom":1,"minecraft:acacia_planks":8,"minecraft:stonecutter":1,"minecraft:emerald_block":14,"minecraft:oak_leaves":2},"minecraft:picked_up":{"minecraft:crafting_table":7,"minecraft:iron_chestplate":1,"minecraft:flower_pot":1,"duneons:sanctumstone":1,"minecraft:wooden_pickaxe":1,"duneons:guardianbow":3,"minecraft:stone_brick_stairs":2,"duneons:highblockhallsdoor":1,"minecraft:brewing_stand":2,"duneons:battlerobe_chestplate":2,"minecraft:cornflower":1,"minecraft:string":4,"duneons:bards_garb_unique_1_helmet":1,"minecraft:cartography_table":2,"minecraft:black_shulker_box":13,"minecraft:spruce_planks":97,"minecraft:beef":26,"duneons:elytepowerbow":2,"minecraft:poppy":2,"expanded_structures:smashed_pumpkin":7,"minecraft:spruce_slab":5,"minecraft:lectern":1,"duneons:ghostkindler_chestplate":1,"minecraft:furnace":1,"duneons:signsword":1,"minecraft:stick":8,"minecraft:raw_iron":5,"minecraft:acacia_log":2,"minecraft:torch":4,"expanded_structures:voided_wood_log":3,"born_in_chaos_v1:pieceofdarkmetal":2,"minecraft:carrot":6,"minecraft:dark_oak_planks":1,"expanded_structures:incidious_stump":2,"minecraft:arrow":2,"minecraft:rotten_flesh":4,"minecraft:hay_block":17,"minecraft:black_banner":1,"minecraft:gold_ingot":1,"expanded_structures:light_crystal":3,"duneons:archerarmor_helmet":3,"minecraft:mutton":5,"minecraft:iron_bars":3,"duneons:ghostspookyarmor_chestplate":2,"minecraft:white_wool":8,"minecraft:cobblestone":71,"expanded_structures:black_refined_brick":4,"minecraft:leather_chestplate":1,"duneons:ghostspookyarmor_helmet":2,"minecraft:leather":19,"expanded_structures:ender_shard":1,"minecraft:smoker":2,"minecraft:yellow_bed":2,"duneons:bubblebowspooky_2":2,"minecraft:gunpowder":2,"duneons:longbow":1,"minecraft:dirt":3,"minecraft:lantern":1,"minecraft:piglin_head":1,"minecraft:glass":5,"minecraft:bone":1,"minecraft:stonecutter":1,"minecraft:wheat_seeds":2,"minecraft:spruce_wood":65,"minecraft:iron_ingot":2,"minecraft:fletching_table":1,"duneons:blackocelotarmor_chestplate":1,"expanded_structures:corrupted_log":38,"minecraft:iron_sword":1,"duneons:bards_garb_unique_1_chestplate":1,"minecraft:emerald_block":14,"born_in_chaos_v1:ethereal_spirit":3,"duneons:blackocelotarmor_helmet":1,"minecraft:sand":39,"minecraft:stripped_spruce_log":1,"minecraft:spruce_sapling":18,"minecraft:blast_furnace":3,"minecraft:loom":1,"minecraft:spruce_log":18,"minecraft:cyan_bed":8,"minecraft:granite":2,"expanded_structures:wild_log":3,"duneons:ghostkindler_helmet":1,"minecraft:coal":75,"duneons:archerarmor_chestplate":3},"minecraft:used":{"minecraft:iron_bars":3,"minecraft:spruce_planks":337,"minecraft:iron_sword":5,"minecraft:torch":8,"minecraft:dirt":1,"minecraft:carrot":4,"minecraft:lantern":1,"minecraft:stone_brick_stairs":2,"minecraft:diamond_chestplate":14,"minecraft:furnace":2,"minecraft:cooked_beef":6,"minecraft:acacia_planks":8,"duneons:highblockhallsdoor":1,"minecraft:cooked_mutton":2,"minecraft:water_bucket":50,"minecraft:glass_bottle":108,"minecraft:stone_pickaxe":128,"minecraft:wooden_pickaxe":7,"minecraft:leather_chestplate":15,"minecraft:black_shulker_box":12,"minecraft:diamond_axe":82,"minecraft:crafting_table":8,"minecraft:black_banner":1,"expanded_structures:incidious_stump":2,"minecraft:blast_furnace":2,"expanded_structures:pumpkin_sword":6,"minecraft:smoker":2,"minecraft:diamond_pickaxe":73,"minecraft:bread":1,"minecraft:cyan_bed":7,"minecraft:stone_axe":171,"minecraft:diamond_sword":92,"travelersbackpack:standard":2,"minecraft:potion":106,"minecraft:cooked_porkchop":4,"minecraft:bucket":51,"minecraft:yellow_bed":1,"minecraft:pumpkin_pie":25,"minecraft:air":5},"minecraft:broken":{"minecraft:stone_axe":1,"expanded_structures:pumpkin_sword":2},"minecraft:dropped":{"minecraft:iron_sword":1,"minecraft:stripped_spruce_log":1,"minecraft:wheat_seeds":2,"minecraft:loom":1,"minecraft:glass_bottle":1,"minecraft:crafting_table":1,"duneons:archerarmor_chestplate":2,"minecraft:diamond_leggings":1,"minecraft:granite":2,"minecraft:fletching_table":1,"duneons:bubblebowspooky_2":1,"born_in_chaos_v1:pieceofdarkmetal":2,"duneons:ghostspookyarmor_chestplate":1,"minecraft:stick":11,"minecraft:cornflower":1,"minecraft:potion":1,"expanded_structures:smashed_pumpkin":7,"minecraft:stonecutter":1,"minecraft:string":2,"minecraft:white_wool":5,"minecraft:spruce_sapling":11,"minecraft:bone":1,"minecraft:stone_axe":1,"minecraft:compass":1,"duneons:elytepowerbow":1,"expanded_structures:ender_shard":1,"duneons:archerarmor_helmet":2,"duneons:ghostspookyarmor_helmet":1,"born_in_chaos_v1:ethereal_spirit":3,"minecraft:rotten_flesh":4,"duneons:battlerobe_chestplate":1,"minecraft:blast_furnace":1,"duneons:highlandberries":15,"minecraft:poppy":2,"minecraft:flower_pot":1,"expanded_structures:light_crystal":3,"minecraft:diamond_chestplate":1,"aether:diamond_gloves":1,"minecraft:iron_chestplate":1,"minecraft:spruce_slab":5,"duneons:sanctumstone":1,"minecraft:arrow":2,"minecraft:beef":16,"minecraft:stone_pickaxe":1,"minecraft:wooden_pickaxe":2,"minecraft:cyan_bed":1,"duneons:guardianbow":2,"minecraft:cartography_table":2,"minecraft:lectern":1},"minecraft:crafted":{"minecraft:furnace":1,"minecraft:cooked_mutton":6,"minecraft:glass":10,"minecraft:diamond":36,"travelersbackpack:white_sleeping_bag":1,"minecraft:stone_pickaxe":1,"minecraft:chest":1,"duneons:randonbowbox":7,"minecraft:wheat":81,"minecraft:cooked_beef":7,"minecraft:glass_bottle":3,"minecraft:emerald":126,"minecraft:cooked_porkchop":4,"minecraft:diamond_axe":1,"minecraft:crafting_table":3,"minecraft:spruce_planks":332,"travelersbackpack:backpack_tank":2,"minecraft:wooden_pickaxe":1,"travelersbackpack:standard":1,"minecraft:bucket":1,"minecraft:stone_axe":2,"minecraft:bread":27,"minecraft:air":0,"minecraft:diamond_pickaxe":1,"minecraft:stick":16,"minecraft:iron_ingot":3,"minecraft:gold_ingot":18,"minecraft:acacia_planks":8,"minecraft:torch":4,"duneons:randomarmorbox":10},"minecraft:killed":{"minecraft:cave_spider":2,"born_in_chaos_v1:door_knight_not_despawn":1,"minecraft:spider":2,"born_in_chaos_v1:maggot":2,"minecraft:skeleton":2,"expanded_structures:pumpkin_gremlin":4,"minecraft:creeper":1,"born_in_chaos_v1:decrepit_skeleton":2,"minecraft:sheep":8,"expanded_structures:villager_outcast":10,"expanded_structures:pumpkin_goliath":1,"minecraft:zombie":3,"alexsmobs:fly":1,"minecraft:cow":12},"minecraft:custom":{"minecraft:mob_kills":52,"minecraft:interact_with_crafting_table":24,"minecraft:open_shulker_box":27,"minecraft:bell_ring":1,"minecraft:damage_dealt_resisted":778,"minecraft:leave_game":1,"minecraft:time_since_death":210290,"minecraft:climb_one_cm":1359,"minecraft:sprint_one_cm":578948,"minecraft:walk_one_cm":249567,"minecraft:drop":114,"minecraft:talked_to_villager":16,"minecraft:play_time":210290,"minecraft:sneak_time":14010,"minecraft:walk_under_water_one_cm":57880,"minecraft:jump":4057,"minecraft:interact_with_blast_furnace":16,"minecraft:walk_on_water_one_cm":18009,"minecraft:total_world_time":210290,"minecraft:interact_with_furnace":22,"minecraft:traded_with_villager":17,"minecraft:sleep_in_bed":10,"minecraft:time_since_rest":3923,"minecraft:damage_taken":1390,"minecraft:damage_dealt":8326,"minecraft:swim_one_cm":15644,"minecraft:fly_one_cm":883809,"minecraft:open_chest":77,"minecraft:crouch_one_cm":33754,"minecraft:interact_with_smoker":14,"minecraft:fall_one_cm":90331}},"DataVersion":3465}