{"stats":{"minecraft:mined":{"minecraft:dark_oak_planks":1,"minecraft:spruce_planks":77,"minecraft:smoker":2,"minecraft:powder_snow":11,"minecraft:brewing_stand":2,"minecraft:crafting_table":5,"minecraft:granite":2,"minecraft:blast_furnace":3,"minecraft:grass_block":1,"minecraft:lectern":1,"minecraft:spruce_leaves":8,"minecraft:cyan_bed":6,"minecraft:cartography_table":2,"minecraft:wall_torch":3,"minecraft:spawner":4,"minecraft:large_fern":1,"minecraft:furnace":1,"minecraft:iron_ore":5,"minecraft:ice":1,"minecraft:spruce_log":17,"minecraft:fletching_table":1,"minecraft:coal_ore":55,"minecraft:loom":1,"minecraft:sand":15,"minecraft:potted_cornflower":1,"minecraft:spruce_wood":66,"minecraft:stonecutter":1,"minecraft:stone":75},"minecraft:picked_up":{"minecraft:iron_chestplate":1,"minecraft:leather_chestplate":1,"minecraft:crafting_table":5,"minecraft:flower_pot":1,"minecraft:leather":3,"minecraft:wooden_pickaxe":1,"minecraft:smoker":2,"minecraft:brewing_stand":2,"minecraft:cornflower":1,"minecraft:string":1,"minecraft:dirt":1,"minecraft:lantern":1,"minecraft:glass":5,"minecraft:bone":1,"minecraft:stonecutter":1,"minecraft:cartography_table":2,"minecraft:beef":5,"minecraft:spruce_planks":78,"minecraft:spruce_wood":65,"minecraft:iron_ingot":2,"minecraft:fletching_table":1,"minecraft:spruce_slab":5,"minecraft:lectern":1,"minecraft:iron_sword":1,"minecraft:furnace":1,"minecraft:raw_iron":5,"minecraft:torch":4,"born_in_chaos_v1:ethereal_spirit":3,"minecraft:sand":15,"minecraft:stripped_spruce_log":1,"minecraft:spruce_sapling":10,"minecraft:blast_furnace":3,"born_in_chaos_v1:pieceofdarkmetal":2,"minecraft:spruce_log":18,"minecraft:loom":1,"minecraft:cyan_bed":7,"minecraft:dark_oak_planks":1,"minecraft:arrow":2,"minecraft:rotten_flesh":2,"minecraft:granite":2,"minecraft:coal":75,"minecraft:cobblestone":71},"minecraft:used":{"minecraft:cooked_mutton":2,"minecraft:water_bucket":10,"minecraft:glass_bottle":39,"minecraft:stone_pickaxe":128,"minecraft:leather_chestplate":10,"minecraft:spruce_planks":211,"minecraft:wooden_pickaxe":7,"minecraft:iron_sword":5,"minecraft:diamond_axe":1,"minecraft:torch":8,"minecraft:dirt":1,"minecraft:crafting_table":6,"minecraft:blast_furnace":2,"minecraft:carrot":4,"minecraft:smoker":2,"minecraft:diamond_pickaxe":16,"minecraft:lantern":1,"minecraft:cyan_bed":6,"minecraft:stone_axe":171,"minecraft:diamond_chestplate":9,"minecraft:diamond_sword":22,"minecraft:potion":37,"minecraft:furnace":2,"minecraft:cooked_porkchop":4,"minecraft:bucket":11,"minecraft:cooked_beef":4,"minecraft:air":1},"minecraft:broken":{"minecraft:stone_axe":1},"minecraft:dropped":{"minecraft:iron_sword":1,"minecraft:stripped_spruce_log":1,"minecraft:stone_axe":1,"minecraft:compass":1,"minecraft:loom":1,"minecraft:glass_bottle":1,"minecraft:crafting_table":1,"born_in_chaos_v1:ethereal_spirit":3,"minecraft:diamond_leggings":1,"minecraft:rotten_flesh":2,"minecraft:granite":2,"minecraft:fletching_table":1,"born_in_chaos_v1:pieceofdarkmetal":2,"minecraft:blast_furnace":1,"minecraft:stick":3,"minecraft:flower_pot":1,"minecraft:diamond_chestplate":1,"aether:diamond_gloves":1,"minecraft:cornflower":1,"minecraft:iron_chestplate":1,"minecraft:potion":1,"minecraft:spruce_slab":5,"minecraft:stonecutter":1,"minecraft:arrow":2,"minecraft:stone_pickaxe":1,"minecraft:wooden_pickaxe":2,"minecraft:string":1,"minecraft:cartography_table":2,"minecraft:spruce_sapling":4,"minecraft:lectern":1,"minecraft:bone":1},"minecraft:killed":{"born_in_chaos_v1:door_knight_not_despawn":1,"born_in_chaos_v1:decrepit_skeleton":2,"born_in_chaos_v1:maggot":2,"minecraft:skeleton":1,"minecraft:cow":2},"minecraft:custom":{"minecraft:interact_with_furnace":20,"minecraft:mob_kills":8,"minecraft:interact_with_crafting_table":11,"minecraft:bell_ring":1,"minecraft:damage_dealt_resisted":778,"minecraft:leave_game":1,"minecraft:time_since_death":84290,"minecraft:sleep_in_bed":4,"minecraft:time_since_rest":7903,"minecraft:sprint_one_cm":240447,"minecraft:damage_taken":596,"minecraft:walk_one_cm":130863,"minecraft:drop":48,"minecraft:damage_dealt":1196,"minecraft:swim_one_cm":8414,"minecraft:talked_to_villager":11,"minecraft:fly_one_cm":253844,"minecraft:open_chest":29,"minecraft:crouch_one_cm":14450,"minecraft:play_time":84290,"minecraft:sneak_time":6230,"minecraft:walk_under_water_one_cm":44910,"minecraft:jump":1636,"minecraft:interact_with_blast_furnace":4,"minecraft:walk_on_water_one_cm":8843,"minecraft:total_world_time":84290,"minecraft:interact_with_smoker":12,"minecraft:fall_one_cm":30281},"minecraft:crafted":{"minecraft:cooked_beef":7,"minecraft:glass_bottle":3,"minecraft:cooked_porkchop":4,"minecraft:diamond_axe":1,"minecraft:crafting_table":2,"minecraft:spruce_planks":200,"travelersbackpack:backpack_tank":2,"minecraft:wooden_pickaxe":1,"minecraft:furnace":1,"minecraft:bucket":1,"minecraft:stone_axe":2,"minecraft:cooked_mutton":6,"minecraft:air":0,"minecraft:glass":10,"minecraft:diamond":36,"minecraft:diamond_pickaxe":1,"minecraft:stick":16,"minecraft:iron_ingot":3,"minecraft:stone_pickaxe":1,"minecraft:torch":4}},"DataVersion":3465}