{"stats":{"minecraft:dropped":{"minecraft:wheat_seeds":2,"minecraft:glass_bottle":2,"minecraft:stick":10,"minecraft:emerald":1,"minecraft:poppy":2,"minecraft:oak_sapling":3,"minecraft:glass":2,"minecraft:wooden_pickaxe":1,"travelersbackpack:backpack_tank":2,"duneons:sickles":1},"minecraft:crafted":{"minecraft:cooked_beef":12,"minecraft:glass_bottle":3,"minecraft:oak_planks":48,"minecraft:cooked_porkchop":14,"minecraft:crafting_table":2,"travelersbackpack:backpack_tank":4,"minecraft:wooden_pickaxe":1,"minecraft:furnace":1,"minecraft:bucket":1,"minecraft:birch_planks":4,"minecraft:stone_axe":1,"minecraft:bread":6,"minecraft:cooked_mutton":3,"minecraft:air":0,"minecraft:glass":29,"minecraft:stick":8,"minecraft:stone_pickaxe":1,"minecraft:wooden_axe":1},"minecraft:broken":{"minecraft:wooden_axe":1},"minecraft:killed":{"minecraft:pig":12,"minecraft:iron_golem":2,"alexsmobs:emu":2,"minecraft:sheep":3,"minecraft:goat":1,"minecraft:zombie":1,"alexsmobs:gazelle":7,"minecraft:cow":11},"minecraft:mined":{"minecraft:acacia_leaves":22,"minecraft:brewing_stand":1,"minecraft:crafting_table":1,"minecraft:acacia_log":29,"minecraft:grass_block":3,"minecraft:lectern":1,"minecraft:tall_grass":2,"minecraft:oak_planks":6,"minecraft:orange_carpet":1,"minecraft:deepslate_brick_slab":1,"minecraft:furnace":1,"minecraft:birch_log":1,"minecraft:white_carpet":1,"minecraft:grass":19,"minecraft:coal_ore":19,"minecraft:oak_log":22,"minecraft:deepslate_brick_stairs":1,"minecraft:sand":24,"minecraft:dirt":17,"minecraft:stone":36,"minecraft:mossy_stone_bricks":1,"minecraft:fern":1,"minecraft:oak_leaves":3,"minecraft:orange_bed":7},"minecraft:used":{"minecraft:cooked_mutton":3,"minecraft:water_bucket":3,"minecraft:glass_bottle":30,"minecraft:stone_pickaxe":58,"minecraft:oak_planks":6,"minecraft:leather_chestplate":1,"minecraft:wooden_pickaxe":4,"minecraft:orange_bed":6,"minecraft:dirt":16,"minecraft:crafting_table":3,"born_in_chaos_v1:corpse_maggot":1,"minecraft:wooden_axe":41,"minecraft:stone_axe":44,"minecraft:potion":29,"minecraft:furnace":2,"minecraft:bucket":4,"duneons:sickles":46,"minecraft:cooked_beef":5,"minecraft:air":2},"minecraft:custom":{"minecraft:interact_with_furnace":16,"minecraft:mob_kills":39,"minecraft:traded_with_villager":1,"minecraft:interact_with_crafting_table":10,"minecraft:interact_with_campfire":32,"minecraft:leave_game":3,"minecraft:time_since_death":72192,"minecraft:sleep_in_bed":7,"minecraft:climb_one_cm":418,"minecraft:time_since_rest":4509,"minecraft:sprint_one_cm":258973,"minecraft:damage_taken":223,"minecraft:walk_one_cm":91282,"minecraft:drop":22,"minecraft:damage_dealt":5706,"minecraft:swim_one_cm":36652,"minecraft:talked_to_villager":4,"minecraft:fly_one_cm":414968,"minecraft:open_chest":12,"minecraft:crouch_one_cm":3085,"minecraft:play_time":72192,"minecraft:sneak_time":1614,"minecraft:walk_under_water_one_cm":5101,"minecraft:jump":1531,"minecraft:walk_on_water_one_cm":8862,"minecraft:interact_with_smoker":1,"minecraft:total_world_time":72192,"minecraft:fall_one_cm":32272},"minecraft:picked_up":{"minecraft:birch_log":1,"born_in_chaos_v1:corpse_maggot":1,"minecraft:leather_chestplate":1,"minecraft:crafting_table":1,"minecraft:feather":1,"minecraft:cooked_beef":14,"minecraft:orange_carpet":1,"minecraft:brown_wool":1,"minecraft:leather":15,"minecraft:oak_log":22,"minecraft:brewing_stand":1,"alexsmobs:gazelle_horn":2,"minecraft:dirt":16,"minecraft:cooked_mutton":9,"minecraft:white_carpet":1,"alexsmobs:emu_feather":1,"minecraft:wheat_seeds":3,"minecraft:iron_ingot":7,"minecraft:beef":26,"minecraft:poppy":2,"minecraft:lectern":1,"minecraft:acacia_sapling":3,"minecraft:oak_planks":6,"minecraft:furnace":1,"minecraft:stick":10,"minecraft:cooked_porkchop":8,"minecraft:acacia_log":46,"minecraft:porkchop":23,"minecraft:sand":30,"minecraft:orange_bed":7,"alexsmobs:emu_egg":4,"minecraft:gray_wool":1,"minecraft:emerald":2,"minecraft:oak_sapling":3,"minecraft:mutton":12,"minecraft:coal":18,"minecraft:white_wool":1,"minecraft:cobblestone":36}},"DataVersion":3465}