{"stats":{"minecraft:mined":{"minecraft:dark_oak_planks":1,"minecraft:smoker":2,"minecraft:spruce_log":17,"minecraft:brewing_stand":2,"minecraft:fletching_table":1,"minecraft:crafting_table":1,"minecraft:blast_furnace":1,"minecraft:coal_ore":23,"minecraft:lectern":1,"minecraft:loom":1,"minecraft:spruce_wood":66,"minecraft:spruce_leaves":6,"minecraft:stonecutter":1,"minecraft:stone":31,"minecraft:cartography_table":2},"minecraft:picked_up":{"minecraft:crafting_table":1,"minecraft:leather_chestplate":1,"minecraft:wooden_pickaxe":1,"minecraft:smoker":2,"minecraft:blast_furnace":1,"minecraft:brewing_stand":2,"minecraft:loom":1,"minecraft:spruce_log":17,"minecraft:cyan_bed":1,"minecraft:lantern":1,"minecraft:dark_oak_planks":1,"minecraft:stonecutter":1,"minecraft:cartography_table":2,"minecraft:spruce_wood":65,"minecraft:fletching_table":1,"minecraft:lectern":1,"minecraft:iron_sword":1,"minecraft:coal":23,"minecraft:cobblestone":27},"minecraft:used":{"minecraft:lantern":1,"minecraft:stone_pickaxe":54,"minecraft:spruce_planks":1,"minecraft:wooden_pickaxe":7,"minecraft:stone_axe":87,"minecraft:crafting_table":1,"minecraft:cooked_porkchop":1,"minecraft:smoker":1},"minecraft:dropped":{"minecraft:wooden_pickaxe":2},"minecraft:custom":{"minecraft:time_since_rest":12290,"minecraft:sprint_one_cm":38211,"minecraft:damage_taken":90,"minecraft:walk_one_cm":23574,"minecraft:drop":2,"minecraft:interact_with_crafting_table":2,"minecraft:fly_one_cm":31787,"minecraft:open_chest":14,"minecraft:crouch_one_cm":5393,"minecraft:play_time":12290,"minecraft:sneak_time":1402,"minecraft:jump":173,"minecraft:walk_on_water_one_cm":172,"minecraft:leave_game":1,"minecraft:time_since_death":12290,"minecraft:interact_with_smoker":9,"minecraft:total_world_time":12290,"minecraft:fall_one_cm":2926},"minecraft:crafted":{"minecraft:cooked_beef":2,"minecraft:cooked_porkchop":4,"minecraft:crafting_table":1,"minecraft:spruce_planks":68,"minecraft:stick":8,"minecraft:wooden_pickaxe":1,"minecraft:stone_pickaxe":1,"minecraft:stone_axe":1,"minecraft:cooked_mutton":6,"minecraft:air":0}},"DataVersion":3465}