{"stats":{"minecraft:custom":{"minecraft:time_since_rest":3619,"minecraft:crouch_one_cm":156,"minecraft:play_time":3619,"minecraft:sprint_one_cm":11462,"minecraft:walk_one_cm":5443,"minecraft:sneak_time":96,"minecraft:drop":6,"minecraft:jump":32,"minecraft:time_since_death":3619,"minecraft:total_world_time":3619,"minecraft:fly_one_cm":5868,"minecraft:interact_with_crafting_table":3,"minecraft:fall_one_cm":209},"minecraft:dropped":{"minecraft:cobblestone":6},"minecraft:crafted":{"minecraft:stone_sword":1,"minecraft:oak_planks":24,"minecraft:stone_axe":1,"minecraft:crafting_table":2,"minecraft:stick":8,"minecraft:wooden_pickaxe":1,"duneons:outpostwood_planks":20,"minecraft:stone_pickaxe":1},"minecraft:mined":{"minecraft:oak_log":9,"duneons:leaveswindswept":1,"minecraft:birch_log":12,"duneons:highlandlog":5,"minecraft:stone":23},"minecraft:picked_up":{"duneons:highlandlog":5,"minecraft:leather_chestplate":1,"minecraft:oak_log":9,"minecraft:cobblestone":23,"minecraft:birch_log":12},"minecraft:used":{"minecraft:stone_axe":15,"minecraft:crafting_table":2,"minecraft:stone_pickaxe":18,"minecraft:leather_chestplate":1,"minecraft:wooden_pickaxe":5}},"DataVersion":3465}