{"stats":{"minecraft:dropped":{"minecraft:wheat_seeds":2,"minecraft:glass_bottle":2,"minecraft:stick":10,"minecraft:emerald":1,"minecraft:poppy":2,"minecraft:oak_sapling":3,"minecraft:potion":1,"minecraft:glass":2,"minecraft:wooden_pickaxe":1,"travelersbackpack:backpack_tank":2,"duneons:sickles":1},"minecraft:crafted":{"minecraft:cooked_beef":12,"minecraft:glass_bottle":3,"minecraft:oak_planks":88,"minecraft:cooked_porkchop":14,"minecraft:crafting_table":2,"travelersbackpack:backpack_tank":4,"minecraft:wooden_pickaxe":1,"minecraft:furnace":1,"minecraft:bucket":1,"minecraft:birch_planks":4,"minecraft:stone_axe":1,"minecraft:bread":6,"minecraft:cooked_mutton":3,"minecraft:air":0,"minecraft:glass":29,"minecraft:stick":8,"minecraft:stone_pickaxe":1,"minecraft:wooden_axe":1},"minecraft:broken":{"minecraft:wooden_axe":1},"minecraft:killed":{"minecraft:pig":22,"minecraft:iron_golem":3,"alexsmobs:emu":2,"minecraft:sheep":4,"minecraft:goat":1,"minecraft:zombie":2,"alexsmobs:gazelle":7,"minecraft:cow":15},"minecraft:mined":{"minecraft:acacia_leaves":22,"minecraft:spruce_planks":2,"minecraft:brewing_stand":1,"minecraft:crafting_table":1,"minecraft:spruce_trapdoor":1,"minecraft:ladder":2,"minecraft:cobbled_deepslate_slab":1,"minecraft:spruce_fence":1,"minecraft:acacia_log":29,"minecraft:grass_block":3,"minecraft:lectern":1,"minecraft:cobblestone":9,"minecraft:tall_grass":2,"minecraft:oak_planks":13,"minecraft:spawner":1,"minecraft:orange_carpet":1,"minecraft:spruce_stairs":1,"minecraft:deepslate_brick_slab":1,"minecraft:furnace":1,"minecraft:birch_log":1,"minecraft:iron_ore":2,"duneons:bigwellwater":1,"minecraft:white_carpet":1,"minecraft:stone_brick_stairs":1,"minecraft:grass":21,"minecraft:coal_ore":55,"minecraft:oak_log":22,"duneons:sanctumstone":1,"minecraft:deepslate_brick_stairs":1,"minecraft:sand":24,"minecraft:dirt":18,"minecraft:stone":56,"minecraft:mossy_stone_bricks":1,"minecraft:white_wool":3,"minecraft:fern":1,"minecraft:oak_leaves":6,"minecraft:orange_bed":10},"minecraft:used":{"minecraft:cooked_mutton":7,"minecraft:water_bucket":17,"minecraft:glass_bottle":52,"minecraft:stone_pickaxe":130,"minecraft:ladder":1,"minecraft:oak_planks":28,"minecraft:leather_chestplate":1,"minecraft:wooden_pickaxe":4,"minecraft:orange_bed":10,"minecraft:dirt":16,"minecraft:crafting_table":3,"born_in_chaos_v1:corpse_maggot":1,"minecraft:wooden_axe":41,"minecraft:apple":2,"minecraft:bread":4,"minecraft:stone_axe":57,"minecraft:cobblestone":32,"minecraft:potion":51,"minecraft:furnace":2,"minecraft:cooked_porkchop":1,"minecraft:bucket":18,"duneons:sickles":75,"minecraft:cooked_beef":5,"minecraft:air":3},"minecraft:custom":{"minecraft:interact_with_furnace":17,"minecraft:mob_kills":56,"minecraft:traded_with_villager":1,"minecraft:interact_with_crafting_table":10,"minecraft:interact_with_campfire":38,"minecraft:leave_game":3,"minecraft:time_since_death":108192,"minecraft:sleep_in_bed":10,"minecraft:climb_one_cm":3143,"minecraft:time_since_rest":1882,"minecraft:sprint_one_cm":422116,"minecraft:damage_taken":273,"minecraft:walk_one_cm":140811,"minecraft:drop":23,"minecraft:damage_dealt":8202,"minecraft:swim_one_cm":50593,"minecraft:talked_to_villager":4,"minecraft:fly_one_cm":700508,"minecraft:open_chest":36,"minecraft:crouch_one_cm":5507,"minecraft:play_time":108192,"minecraft:sneak_time":3101,"minecraft:walk_under_water_one_cm":8770,"minecraft:jump":2754,"minecraft:walk_on_water_one_cm":12233,"minecraft:interact_with_smoker":1,"minecraft:total_world_time":108192,"minecraft:fall_one_cm":65929},"minecraft:picked_up":{"minecraft:birch_log":1,"born_in_chaos_v1:corpse_maggot":1,"minecraft:leather_chestplate":1,"minecraft:crafting_table":1,"minecraft:feather":1,"minecraft:cooked_beef":16,"minecraft:ladder":1,"minecraft:orange_carpet":1,"minecraft:brown_wool":1,"minecraft:leather":21,"minecraft:potion":1,"minecraft:oak_log":22,"minecraft:brewing_stand":1,"alexsmobs:gazelle_horn":2,"minecraft:dirt":16,"minecraft:cooked_mutton":10,"minecraft:white_carpet":1,"alexsmobs:emu_feather":1,"minecraft:wheat_seeds":3,"minecraft:iron_ingot":11,"minecraft:beef":36,"minecraft:poppy":2,"minecraft:lectern":1,"minecraft:acacia_sapling":3,"minecraft:oak_planks":13,"minecraft:furnace":1,"minecraft:stick":10,"minecraft:raw_iron":2,"minecraft:cooked_porkchop":11,"minecraft:acacia_log":46,"minecraft:spruce_stairs":1,"minecraft:spruce_fence":1,"duneons:bigwellwater":1,"minecraft:porkchop":45,"minecraft:sand":30,"minecraft:orange_bed":10,"minecraft:rotten_flesh":2,"alexsmobs:emu_egg":5,"minecraft:gray_wool":1,"minecraft:emerald":2,"minecraft:oak_sapling":3,"minecraft:mutton":13,"minecraft:coal":54,"minecraft:white_wool":5,"minecraft:cobblestone":64}},"DataVersion":3465}