{"stats":{"minecraft:mined":{"minecraft:spruce_planks":6,"minecraft:light_gray_stained_glass_pane":1,"minecraft:brewing_stand":1,"travelersbackpack:blue_sleeping_bag":5,"minecraft:cobbled_deepslate_slab":2,"minecraft:redstone_wire":3,"minecraft:spruce_leaves":2,"minecraft:spawner":5,"minecraft:black_stained_glass_pane":2,"minecraft:hay_block":2,"graveyard:wither_skull_with_rib_cage":1,"minecraft:polished_blackstone_bricks":1,"minecraft:iron_ore":3,"minecraft:cobbled_deepslate":1,"graveyard:leaning_wither_skeleton":1,"minecraft:bookshelf":51,"minecraft:polished_deepslate_slab":4,"minecraft:iron_bars":3,"minecraft:stripped_acacia_log":1,"minecraft:potted_cornflower":1,"minecraft:stone":48,"minecraft:red_banner":1,"minecraft:powder_snow":2,"graveyard:small_light_gray_urn":1,"minecraft:cornflower":11,"minecraft:light_gray_terracotta":1,"minecraft:calcite":2,"minecraft:white_stained_glass_pane":1,"minecraft:cyan_bed":1,"minecraft:light_blue_banner":1,"minecraft:iron_door":2,"minecraft:white_terracotta":13,"minecraft:coarse_dirt":1,"graveyard:vase_block":7,"graveyard:wither_skeleton_hand":1,"minecraft:black_wall_banner":1,"minecraft:spruce_log":108,"minecraft:white_wall_banner":1,"graveyard:skull_pile":1,"minecraft:grass":1,"minecraft:coal_ore":43,"minecraft:gravel":2,"minecraft:sand":12,"minecraft:dirt":1,"minecraft:cobweb":4,"minecraft:cracked_stone_bricks":1,"minecraft:orange_wall_banner":1,"minecraft:oak_leaves":2,"minecraft:fern":3},"minecraft:picked_up":{"minecraft:flower_pot":1,"minecraft:orange_banner":1,"minecraft:potion":1,"minecraft:chain":1,"minecraft:brewing_stand":1,"minecraft:cornflower":13,"minecraft:string":4,"minecraft:diamond_leggings":1,"minecraft:spruce_planks":5,"minecraft:calcite":2,"minecraft:spruce_slab":5,"minecraft:stick":20,"minecraft:raw_iron":3,"minecraft:polished_deepslate_slab":3,"born_in_chaos_v1:pieceofdarkmetal":2,"minecraft:redstone":3,"minecraft:stone_sword":2,"minecraft:rotten_flesh":11,"minecraft:arrow":11,"minecraft:diamond_chestplate":2,"minecraft:hay_block":2,"minecraft:black_banner":1,"minecraft:gold_ingot":3,"minecraft:white_terracotta":13,"minecraft:cobblestone":48,"born_in_chaos_v1:corpse_maggot":1,"minecraft:iron_door":2,"graveyard:small_light_gray_urn":1,"minecraft:white_banner":1,"minecraft:bone":28,"minecraft:light_blue_banner":1,"minecraft:wheat_seeds":4,"minecraft:cobbled_deepslate_slab":2,"minecraft:glass_bottle":1,"minecraft:moss_block":1,"minecraft:iron_sword":1,"minecraft:book":152,"born_in_chaos_v1:ethereal_spirit":1,"minecraft:gravel":2,"minecraft:sand":12,"minecraft:red_banner":1,"minecraft:stripped_spruce_log":1,"travelersbackpack:blue_sleeping_bag":5,"minecraft:spruce_sapling":5,"minecraft:spruce_log":105,"minecraft:cyan_bed":1,"minecraft:stripped_acacia_log":1,"minecraft:light_gray_terracotta":1,"minecraft:golden_apple":1,"minecraft:coal":96},"minecraft:used":{"minecraft:moss_block":1,"minecraft:spruce_planks":19,"minecraft:white_terracotta":13,"minecraft:iron_sword":33,"minecraft:iron_chestplate":6,"minecraft:anvil":2,"minecraft:milk_bucket":2,"minecraft:iron_boots":1,"minecraft:diamond_chestplate":16,"minecraft:golden_carrot":1,"minecraft:furnace":1,"minecraft:water_bucket":14,"minecraft:glass_bottle":48,"minecraft:leather_chestplate":21,"minecraft:diamond_axe":170,"travelersbackpack:blue_sleeping_bag":5,"graveyard:small_light_gray_urn":1,"minecraft:crafting_table":3,"minecraft:light_gray_terracotta":1,"minecraft:spruce_log":11,"minecraft:flower_pot":1,"minecraft:diamond_pickaxe":15,"minecraft:bread":18,"minecraft:iron_pickaxe":124,"minecraft:gravel":2,"minecraft:diamond_sword":122,"minecraft:cobblestone":12,"minecraft:potion":48,"travelersbackpack:standard":3,"minecraft:cooked_porkchop":2,"minecraft:bucket":15,"minecraft:air":2,"minecraft:experience_bottle":16},"minecraft:dropped":{"minecraft:iron_ingot":2,"minecraft:bread":6,"minecraft:iron_sword":2,"minecraft:wheat_seeds":4,"minecraft:glass_bottle":1,"minecraft:feather":7,"minecraft:leather":1,"minecraft:coal":50,"minecraft:stick":16,"minecraft:flint":1,"minecraft:chain":1,"minecraft:string":1,"minecraft:spruce_sapling":4,"minecraft:stone_sword":2,"born_in_chaos_v1:ethereal_spirit":1,"minecraft:raw_iron":1,"minecraft:rotten_flesh":6,"minecraft:leather_chestplate":2,"minecraft:potato":9,"minecraft:diamond_chestplate":1,"minecraft:iron_chestplate":1,"minecraft:spruce_slab":5,"minecraft:glass":5,"minecraft:cyan_bed":1},"minecraft:crafted":{"minecraft:furnace":1,"minecraft:glass":17,"minecraft:diamond":36,"minecraft:chest":1,"minecraft:wheat":18,"minecraft:arrow":12,"minecraft:diamond_axe":1,"minecraft:crafting_table":3,"minecraft:spruce_planks":80,"travelersbackpack:backpack_tank":2,"travelersbackpack:standard":1,"minecraft:bucket":1,"travelersbackpack:blue_sleeping_bag":1,"minecraft:bread":63,"minecraft:air":0,"minecraft:blue_dye":2,"minecraft:stick":8,"minecraft:leather_chestplate":3,"minecraft:iron_ingot":14,"minecraft:iron_pickaxe":1,"minecraft:blue_wool":2,"minecraft:gold_ingot":9,"minecraft:acacia_planks":4},"minecraft:killed":{"born_in_chaos_v1:restless_spirit":3,"born_in_chaos_v1:maggot":1,"minecraft:skeleton":7,"graveyard:acolyte":27,"minecraft:zombie":4},"minecraft:custom":{"minecraft:mob_kills":42,"minecraft:interact_with_anvil":3,"minecraft:interact_with_crafting_table":14,"minecraft:open_barrel":32,"minecraft:leave_game":1,"minecraft:time_since_death":137564,"minecraft:climb_one_cm":1559,"minecraft:sprint_one_cm":295237,"minecraft:walk_one_cm":283696,"minecraft:drop":42,"minecraft:talked_to_villager":1,"minecraft:play_time":137564,"minecraft:sneak_time":10029,"minecraft:walk_under_water_one_cm":13376,"minecraft:jump":1550,"minecraft:interact_with_blast_furnace":4,"minecraft:walk_on_water_one_cm":10198,"minecraft:total_world_time":137564,"minecraft:interact_with_furnace":21,"minecraft:tune_noteblock":3,"minecraft:sleep_in_bed":8,"minecraft:time_since_rest":102,"minecraft:damage_taken":609,"minecraft:damage_dealt":9356,"minecraft:swim_one_cm":47650,"minecraft:fly_one_cm":298600,"minecraft:open_chest":51,"minecraft:crouch_one_cm":24925,"minecraft:interact_with_smoker":5,"minecraft:fall_one_cm":28929,"minecraft:use_cauldron":3}},"DataVersion":3465}