{"stats":{"minecraft:mined":{"duneons:charredstone":2,"minecraft:coal_block":4,"duneons:coinsstage_1":1,"expanded_structures:ender_shard_block":1,"minecraft:spawner":27,"graveyard:wither_skull_with_rib_cage":1,"minecraft:polished_blackstone_bricks":1,"expanded_structures:sandy_refined_brick":2,"minecraft:mossy_cobblestone_stairs":1,"minecraft:cobbled_deepslate":1,"minecraft:fire":4,"minecraft:barrel":1,"minecraft:polished_deepslate_slab":4,"minecraft:light_gray_concrete":2,"minecraft:deepslate_brick_stairs":5,"expanded_structures:block_stand":45,"minecraft:powder_snow":2,"minecraft:piglin_head":1,"minecraft:blast_furnace":4,"minecraft:white_stained_glass_pane":1,"minecraft:smooth_quartz_slab":3,"minecraft:cyan_bed":1,"expanded_structures:ender_shard_ore":1,"minecraft:white_terracotta":13,"graveyard:wither_skeleton_hand":1,"minecraft:wheat":1,"duneons:broom":1,"minecraft:stone_brick_stairs":1,"minecraft:grass":35,"minecraft:stonecutter":1,"duneons:dungeonscharreddirt":3,"minecraft:light_gray_stained_glass_pane":5,"minecraft:mossy_cobblestone":2,"minecraft:dark_oak_log":2,"minecraft:cobbled_deepslate_slab":12,"minecraft:spruce_fence":5,"minecraft:jungle_planks":1,"minecraft:crimson_roots":1,"minecraft:redstone_wire":4,"minecraft:black_stained_glass_pane":2,"minecraft:packed_mud":1,"minecraft:potted_torchflower":1,"minecraft:andesite":3,"minecraft:cobblestone_slab":1,"minecraft:smithing_table":1,"minecraft:gray_concrete":14,"duneons:developerstatue":1,"expanded_structures:pink_light":1,"minecraft:cornflower":63,"minecraft:copper_ore":8,"expanded_structures:corrupted_log":1,"minecraft:coarse_dirt":1,"graveyard:vase_block":9,"minecraft:spruce_log":108,"minecraft:birch_leaves":2,"minecraft:quartz_pillar":1,"minecraft:pitcher_crop":1,"minecraft:gravel":2,"minecraft:cobweb":4,"minecraft:stone_bricks":6,"duneons:coinsstage_2":1,"minecraft:orange_wall_banner":1,"minecraft:fern":6,"expanded_structures:bricked_pumpkin_wall":1,"minecraft:black_shulker_box":2,"minecraft:spruce_planks":76,"minecraft:cobbled_deepslate_stairs":5,"minecraft:brewing_stand":2,"travelersbackpack:blue_sleeping_bag":5,"minecraft:spruce_trapdoor":11,"minecraft:grass_block":14,"minecraft:white_concrete":3,"minecraft:mud_bricks":7,"minecraft:iron_ore":3,"expanded_structures:refined_brick":2,"born_in_chaos_v1:black_argillite_brick_stairs":2,"graveyard:leaning_wither_skeleton":1,"graveyard:upper_bone_staff":3,"minecraft:iron_bars":10,"expanded_structures:corrupted_trap_door":1,"minecraft:potted_cornflower":2,"duneons:urn_loot_big_red":1,"minecraft:spruce_slab":5,"graveyard:middle_bone_staff":1,"expanded_structures:worlds_most_useless_block":1,"minecraft:orange_terracotta":1,"minecraft:light_gray_terracotta":1,"minecraft:calcite":2,"minecraft:chest":2,"minecraft:cobblestone":21,"minecraft:oak_planks":1,"minecraft:iron_door":2,"minecraft:light_blue_banner":1,"twilightforest:potted_mangrove_sapling":1,"born_in_chaos_v1:fired_black_argillite":2,"graveyard:skull_pile":1,"minecraft:smooth_stone_slab":1,"minecraft:oak_log":1,"minecraft:beetroots":2,"minecraft:sand":37,"minecraft:dirt":11,"minecraft:oak_leaves":9,"minecraft:emerald_block":28,"minecraft:redstone_lamp":1,"minecraft:red_carpet":1,"toughasnails:rain_collector":2,"minecraft:ladder":2,"minecraft:stone_button":3,"minecraft:decorated_pot":1,"minecraft:spruce_leaves":2,"minecraft:sandstone":1,"minecraft:hay_block":2,"minecraft:deepslate_brick_slab":10,"minecraft:furnace":1,"minecraft:carrots":1,"minecraft:raw_gold_block":6,"minecraft:stripped_spruce_log":4,"minecraft:gold_block":5,"expanded_structures:incidious_stump":1,"minecraft:bookshelf":56,"minecraft:stripped_acacia_log":2,"minecraft:stone":246,"duneons:sawstone":4,"duneons:statue":3,"minecraft:red_banner":1,"duneons:coins":2,"graveyard:small_light_gray_urn":1,"minecraft:crafting_table":2,"duneons:rewardstotem":1,"minecraft:rose_bush":1,"duneons:dustdiamond":1,"minecraft:deepslate_coal_ore":1,"born_in_chaos_v1:chipped_black_argillite_brick":1,"minecraft:birch_planks":3,"duneons:rewardstotem_top":1,"minecraft:black_wall_banner":1,"duneons:stonetablemaping":1,"minecraft:white_wall_banner":2,"minecraft:coal_ore":74,"minecraft:cracked_stone_bricks":8,"duneons:teapot":1,"minecraft:polished_andesite":8,"minecraft:mossy_stone_bricks":5},"minecraft:used":{"minecraft:moss_block":24,"expanded_structures:refined_brick":2,"minecraft:writable_book":2,"minecraft:jack_o_lantern":2,"minecraft:smooth_quartz_slab":306,"minecraft:dead_horn_coral_block":8,"minecraft:dispenser":4,"minecraft:spruce_slab":560,"minecraft:ladder":5,"minecraft:chest":32,"minecraft:stone":1165,"minecraft:warped_sign":33,"minecraft:lily_of_the_valley":1,"minecraft:blue_stained_glass":327,"minecraft:brick_slab":5,"minecraft:jungle_slab":7,"minecraft:allium":1,"minecraft:orange_wool":1,"minecraft:deepslate_brick_slab":3,"minecraft:stripped_spruce_log":138,"duneons:spideregg":1,"minecraft:lava_bucket":10,"minecraft:quartz_pillar":43,"minecraft:villager_spawn_egg":18,"minecraft:red_wool":4,"minecraft:black_stained_glass_pane":132,"minecraft:grass_block":25719,"minecraft:orange_shulker_box":2,"minecraft:diorite_wall":36,"minecraft:pink_wool":2,"minecraft:red_stained_glass_pane":876,"born_in_chaos_v1:fired_black_argillite":2,"duneons:sawstone":3,"minecraft:furnace":7,"minecraft:cooked_cod":1,"minecraft:acacia_fence":1,"minecraft:egg":5,"minecraft:green_stained_glass_pane":21,"slabsexpanded:white_concrete_slab":3493,"minecraft:emerald_ore":11,"minecraft:diorite":402,"minecraft:leather_chestplate":57,"minecraft:jungle_pressure_plate":6,"minecraft:composter":2,"minecraft:smooth_quartz_stairs":74,"minecraft:oak_leaves":1,"minecraft:golden_apple":13,"aether:skyroot_leaves":3,"minecraft:glow_berries":30,"minecraft:blast_furnace":10,"minecraft:chiseled_quartz_block":98,"minecraft:purple_terracotta":25,"minecraft:gray_concrete":222,"minecraft:deepslate_brick_stairs":1,"minecraft:lightning_rod":2,"mcwfences:mangrove_hedge":3,"minecraft:crying_obsidian":2,"minecraft:mangrove_door":5,"minecraft:birch_slab":93,"minecraft:verdant_froglight":2,"minecraft:stone_button":6,"minecraft:cyan_carpet":3,"minecraft:lectern":4,"minecraft:cherry_sign":18,"minecraft:flowering_azalea_leaves":421,"duneons:hoglinskull":1,"minecraft:diamond_sword":496,"graveyard:upper_bone_staff":1,"cfm:azalea_hedge":446,"minecraft:smithing_table":4,"minecraft:purple_wool":3,"minecraft:oak_trapdoor":16,"expanded_structures:white_light":3256,"minecraft:iron_bars":48,"alexsmobs:rainbow_glass":15,"minecraft:armor_stand":2,"minecraft:red_concrete":443,"mcwdoors:metal_reinforced_door":3,"mcwtrpdoors:jungle_classic_trapdoor":1,"minecraft:mangrove_fence":2,"cfm:rock_path":397,"minecraft:torch":445,"minecraft:brewing_stand":4,"minecraft:anvil":8,"minecraft:target":2,"duneons:dungeonscharredcobblestoneslab":1,"minecraft:dead_brain_coral_block":13,"minecraft:blue_concrete":1332,"minecraft:polished_diorite":42,"minecraft:flowering_azalea":19,"minecraft:sea_lantern":1100,"minecraft:chipped_anvil":1,"cfm:flowering_azalea_hedge":394,"minecraft:smooth_quartz":97,"born_in_chaos_v1:orange_stained_glass_panel":1,"minecraft:barrel":6,"minecraft:diamond_chestplate":47,"minecraft:glowstone":142,"minecraft:beef":21,"minecraft:magenta_wool":5,"minecraft:observer":4,"minecraft:pointed_dripstone":5,"minecraft:calcite":768,"minecraft:water_bucket":224,"minecraft:birch_planks":4972,"minecraft:cartography_table":2,"minecraft:lime_wool":2,"duneons:palmlog":182,"minecraft:cauldron":2,"minecraft:fletching_table":2,"minecraft:spruce_fence_gate":2,"minecraft:gilded_blackstone":3,"slabsexpanded:slabs_block":17,"born_in_chaos_v1:black_argillite_brick_stairs":2,"minecraft:rail":5,"minecraft:light_gray_banner":2,"minecraft:comparator":2,"minecraft:oak_slab":27,"minecraft:tnt":95,"minecraft:crafting_table":11,"securitycraft:reinforced_blue_concrete":2,"minecraft:white_bed":1,"minecraft:spruce_log":14,"minecraft:mushroom_stem":17,"minecraft:amethyst_cluster":2,"minecraft:blue_stained_glass_pane":1527,"securitycraft:display_case":2,"minecraft:diamond_pickaxe":500,"minecraft:oxeye_daisy":2,"minecraft:warped_trapdoor":6,"minecraft:stripped_jungle_log":360,"minecraft:iron_pickaxe":124,"minecraft:spruce_pressure_plate":4,"duneons:leaverpalm":28,"minecraft:spruce_trapdoor":687,"minecraft:crimson_sign":2,"minecraft:cobblestone":314,"minecraft:azalea_leaves":14,"minecraft:potion":233,"travelersbackpack:standard":34,"minecraft:orange_banner":1,"securitycraft:reinforced_white_concrete":2,"minecraft:cooked_porkchop":12,"minecraft:warped_fence_gate":4,"toughasnails:purified_water_canteen":12,"minecraft:glass_pane":248,"minecraft:diamond_leggings":1,"minecraft:jukebox":2,"mcwtrpdoors:spruce_swamp_trapdoor":4,"minecraft:light_blue_banner":1,"slabsexpanded:blue_concrete_slab":621,"duneons:dunglass2":83,"minecraft:decorated_pot":3,"minecraft:white_terracotta":13,"minecraft:iron_sword":33,"minecraft:zombie_spawn_egg":8,"minecraft:stripped_jungle_wood":172,"minecraft:bell":2,"mcwdoors:sliding_glass_door":4,"minecraft:soul_campfire":2,"duneons:dungeoncactus":2,"minecraft:iron_chestplate":9,"minecraft:white_candle":8,"slabsexpanded:glass_slab":7,"mcwdoors:garage_white_door":87,"minecraft:jungle_planks":4118,"mcwwindows:white_mosaic_glass_pane":9,"minecraft:music_disc_13":1,"minecraft:milk_bucket":2,"minecraft:big_dripleaf":2,"minecraft:glass":125,"minecraft:bricks":67,"minecraft:coal_ore":83,"minecraft:lantern":427,"minecraft:stone_bricks":633,"minecraft:repeater":2,"minecraft:magma_block":2,"minecraft:scaffolding":2,"minecraft:polished_diorite_stairs":385,"minecraft:pearlescent_froglight":3,"minecraft:stripped_spruce_wood":4,"minecraft:mangrove_leaves":3,"minecraft:end_rod":111,"minecraft:dropper":5,"minecraft:stripped_acacia_log":735,"minecraft:oak_planks":975,"minecraft:polished_diorite_slab":1954,"minecraft:blue_bed":10,"minecraft:diamond_axe":328,"travelersbackpack:blue_sleeping_bag":5,"graveyard:small_light_gray_urn":1,"minecraft:loom":2,"minecraft:black_banner":1,"duneons:sanctumstone":1,"minecraft:light_gray_terracotta":1,"minecraft:sponge":3,"minecraft:ochre_froglight":2,"minecraft:note_block":2,"minecraft:stone_brick_wall":3,"minecraft:redstone_torch":2,"minecraft:green_concrete":61,"minecraft:lever":11,"minecraft:blue_glazed_terracotta":2,"born_in_chaos_v1:scorched_planks_button":2,"minecraft:daylight_detector":2,"minecraft:dark_oak_log":2,"minecraft:light_gray_concrete":216,"minecraft:heavy_weighted_pressure_plate":3,"minecraft:bread":74,"minecraft:brown_wool":1,"minecraft:deepslate":360,"minecraft:gravel":2,"minecraft:chainmail_boots":1,"minecraft:grindstone":2,"minecraft:andesite":3269,"minecraft:chain":15,"minecraft:smooth_stone_slab":3,"minecraft:white_concrete":17393,"minecraft:air":5,"minecraft:warped_button":4,"minecraft:experience_bottle":16,"minecraft:azalea":5,"minecraft:netherite_sword":52,"minecraft:jungle_leaves":6,"minecraft:rose_bush":2,"minecraft:flint_and_steel":8,"minecraft:redstone_ore":2,"minecraft:redstone":4,"minecraft:spruce_planks":4107,"duneons:dungeonscharreddirt":3,"minecraft:dirt":763,"mcwfences:azalea_hedge":5,"minecraft:hopper":55,"minecraft:spruce_stairs":22,"minecraft:diamond_helmet":1,"minecraft:bee_nest":2,"mcwtrpdoors:spruce_glass_trapdoor":14,"mcwtrpdoors:spruce_classic_trapdoor":159,"minecraft:spruce_fence":416,"minecraft:bookshelf":3,"minecraft:waxed_cut_copper":2,"minecraft:acacia_slab":25,"minecraft:iron_boots":2,"minecraft:golden_carrot":1,"minecraft:emerald_block":2,"minecraft:minecart":2,"minecraft:stone_pressure_plate":2,"minecraft:quartz_bricks":9,"duneons:statue":1,"minecraft:glass_bottle":231,"minecraft:blue_wool":1,"minecraft:andesite_slab":222,"minecraft:iron_golem_spawn_egg":2,"minecraft:black_shulker_box":4,"slabsexpanded:quartz_pillar_slab":441,"minecraft:stonecutter":3,"toughasnails:rain_collector":3,"minecraft:dead_fire_coral_block":10,"minecraft:bamboo_block":3,"minecraft:yellow_stained_glass_pane":2,"minecraft:smoker":2,"minecraft:flower_pot":5,"minecraft:acacia_stairs":4,"minecraft:netherite_axe":7,"minecraft:jungle_stairs":2,"mcwdoors:garage_silver_door":28,"nfm:castle_netting":28,"minecraft:yellow_wool":2,"duneons:broom":1,"minecraft:white_banner":2,"expanded_structures:corrupted_trap_door":1,"minecraft:bucket":87,"minecraft:red_banner":1,"minecraft:pumpkin_pie":1,"alexsmobs:animal_dictionary":1,"minecraft:polished_blackstone_button":20,"minecraft:soul_torch":2},"minecraft:killed":{"minecraft:cave_spider":15,"born_in_chaos_v1:restless_spirit":3,"minecraft:skeleton":14,"graveyard:acolyte":27,"minecraft:zombie":26,"born_in_chaos_v1:corpse_fly":5,"minecraft:cow":18,"alexsmobs:seagull":1,"minecraft:horse":4,"born_in_chaos_v1:barrel_zombie":1,"duneons:frozenzombie":2,"born_in_chaos_v1:bone_imp_minion":1,"born_in_chaos_v1:decrepit_skeleton":4,"expanded_structures:villager_outcast":46,"minecraft:enderman":1,"minecraft:witch":1,"minecraft:spider":5,"duneons:vangruardskeleton":2,"minecraft:zombie_villager":3,"minecraft:creeper":1,"minecraft:sheep":2,"born_in_chaos_v1:dread_hound":1,"alexsmobs:fly":1,"graveyard:revenant":1,"born_in_chaos_v1:maggot":14,"minecraft:drowned":2,"born_in_chaos_v1:nightmare_stalker":1,"minecraft:villager":5},"minecraft:crafted":{"minecraft:smooth_stone":27,"travelersbackpack:crafting_upgrade":1,"minecraft:iron_bars":16,"minecraft:glass":34,"minecraft:diamond_leggings":1,"minecraft:diamond_helmet":1,"duneons:randomatoolbox":2,"minecraft:emerald":230,"minecraft:diamond_axe":1,"travelersbackpack:standard":2,"minecraft:raw_gold_block":6,"minecraft:smithing_table":1,"minecraft:iron_pickaxe":1,"minecraft:iron_block":192,"minecraft:gold_ingot":1089,"travelersbackpack:blank_upgrade":4,"travelersbackpack:gold_tier_upgrade":1,"minecraft:diamond":36,"minecraft:ladder":3,"minecraft:spruce_slab":6,"minecraft:diamond_boots":1,"minecraft:wheat":18,"minecraft:coal_block":11,"expanded_structures:ender_shard":9,"minecraft:enchanted_book":2,"minecraft:golden_apple":64,"minecraft:iron_leggings":1,"duneons:featherblue":1,"minecraft:oak_planks":4,"minecraft:stone":27,"duneons:randombox":4,"minecraft:iron_boots":11,"minecraft:chest":15,"travelersbackpack:iron_tier_upgrade":1,"minecraft:arrow":12,"minecraft:crafting_table":9,"minecraft:spruce_planks":412,"minecraft:iron_helmet":1,"minecraft:gold_block":65,"travelersbackpack:blue_sleeping_bag":1,"minecraft:iron_chestplate":1,"minecraft:emerald_block":6,"minecraft:stick":16,"duneons:gauntlet_wolf":1,"minecraft:iron_ingot":329,"minecraft:leather_chestplate":4,"minecraft:coal":18,"minecraft:furnace":12,"minecraft:blast_furnace":9,"duneons:skeletonhammer":1,"travelersbackpack:diamond_tier_upgrade":1,"travelersbackpack:backpack_tank":4,"minecraft:bucket":1,"minecraft:bread":65,"minecraft:air":0,"minecraft:blue_dye":66,"minecraft:raw_gold":684,"minecraft:blue_wool":2,"minecraft:acacia_planks":4,"minecraft:diamond_chestplate":1},"minecraft:dropped":{"minecraft:iron_sword":2,"minecraft:cooked_beef":3,"minecraft:glass_bottle":4,"minecraft:diamond":9,"minecraft:cooked_porkchop":19,"minecraft:cracked_stone_bricks":4,"minecraft:emerald":9,"minecraft:dirt":2,"minecraft:gray_concrete":2,"minecraft:stone_button":4,"minecraft:chain":1,"minecraft:gold_nugget":3,"minecraft:bone_meal":1,"minecraft:white_wool":2,"minecraft:lever":2,"alexsmobs:animal_dictionary":1,"minecraft:gray_banner":1,"minecraft:netherite_sword":7,"minecraft:wheat":1,"minecraft:rotten_flesh":17,"minecraft:oak_planks":1,"minecraft:sea_lantern":1,"minecraft:leather_boots":1,"minecraft:spruce_slab":5,"minecraft:glass":5,"minecraft:beef":12,"minecraft:stone_brick_stairs":1,"minecraft:egg":1,"minecraft:enchanted_book":1,"minecraft:iron_ingot":2,"minecraft:wheat_seeds":26,"minecraft:tnt":1,"minecraft:feather":9,"minecraft:iron_helmet":10,"duneons:highblockhallsdoor":1,"minecraft:coal":52,"minecraft:golden_apple":10,"minecraft:polished_andesite":8,"minecraft:potion":22,"expanded_structures:smashed_pumpkin":4,"minecraft:mossy_cobblestone_stairs":1,"minecraft:string":4,"minecraft:spruce_sapling":4,"minecraft:netherite_ingot":10,"minecraft:stone_sword":2,"minecraft:iron_boots":21,"minecraft:light_gray_concrete":2,"minecraft:diamond_sword":1,"minecraft:cobblestone_slab":1,"minecraft:potato":9,"minecraft:flower_pot":3,"minecraft:spruce_trapdoor":2,"minecraft:spruce_planks":16,"minecraft:yellow_bed":1,"minecraft:stone_bricks":6,"minecraft:spider_eye":1,"minecraft:sandstone":1,"minecraft:bow":1,"minecraft:cyan_bed":1,"minecraft:ender_pearl":3,"minecraft:leather":2,"minecraft:flint":1,"minecraft:redstone_lamp":1,"minecraft:mutton":3,"minecraft:crimson_roots":1,"minecraft:cooked_cod":132,"minecraft:pumpkin_pie":1,"minecraft:gold_ingot":6,"expanded_structures:ender_shard":1,"born_in_chaos_v1:ethereal_spirit":1,"minecraft:beetroot":2,"minecraft:carrot":11,"minecraft:poppy":1637,"minecraft:leather_chestplate":5,"minecraft:gunpowder":6,"minecraft:beetroot_seeds":7,"born_in_chaos_v1:corpse_maggot":2,"minecraft:arrow":7,"expanded_structures:sandy_refined_brick":2,"minecraft:water_bucket":1,"minecraft:bread":6,"minecraft:mossy_cobblestone":1,"minecraft:copper_ingot":1,"minecraft:grass_block":1,"minecraft:stick":24,"minecraft:torch":1,"minecraft:white_concrete":2,"born_in_chaos_v1:fused_bone":2,"minecraft:iron_leggings":1,"duneons:dungeonscharredcobblestone":2,"minecraft:smooth_quartz_slab":1,"toughasnails:purified_water_canteen":4,"minecraft:dandelion":1,"minecraft:redstone":3,"alexsmobs:maggot":4,"minecraft:raw_iron":1,"minecraft:totem_of_undying":2,"minecraft:shield":1,"minecraft:diamond_chestplate":1,"expanded_structures:light_crystal":1,"minecraft:iron_chestplate":2,"minecraft:andesite":3,"minecraft:mossy_stone_bricks":8,"toughasnails:purified_water_bottle":2,"minecraft:spruce_log":36},"minecraft:broken":{"toughasnails:purified_water_canteen":3},"minecraft:custom":{"minecraft:interact_with_crafting_table":78,"minecraft:open_barrel":52,"minecraft:bell_ring":6,"minecraft:leave_game":46,"minecraft:time_since_death":3740570,"minecraft:play_time":3740570,"minecraft:jump":10186,"minecraft:interact_with_furnace":80,"minecraft:play_record":1,"minecraft:traded_with_villager":75,"minecraft:interact_with_cartography_table":2,"minecraft:sleep_in_bed":34,"minecraft:damage_dealt":39933,"minecraft:interact_with_smoker":7,"minecraft:use_cauldron":3,"minecraft:inspect_dispenser":1,"minecraft:horse_one_cm":12680,"minecraft:interact_with_smithing_table":6,"minecraft:interact_with_anvil":9,"minecraft:inspect_hopper":12,"minecraft:sneak_time":106995,"minecraft:interact_with_blast_furnace":104,"minecraft:total_world_time":3740570,"minecraft:tune_noteblock":138,"minecraft:interact_with_stonecutter":2,"minecraft:time_since_rest":43476,"minecraft:swim_one_cm":99723,"minecraft:fly_one_cm":27343986,"minecraft:open_chest":397,"minecraft:fall_one_cm":158028,"minecraft:open_shulker_box":33,"minecraft:sprint_one_cm":1997830,"minecraft:drop":309,"minecraft:talked_to_villager":88,"minecraft:interact_with_brewingstand":1,"minecraft:walk_on_water_one_cm":87880,"minecraft:crouch_one_cm":170033,"minecraft:mob_kills":213,"minecraft:damage_dealt_resisted":234,"minecraft:climb_one_cm":3512,"minecraft:walk_one_cm":2811103,"minecraft:walk_under_water_one_cm":70595,"minecraft:pot_flower":11,"minecraft:damage_taken":3220,"minecraft:damage_absorbed":211},"minecraft:picked_up":{"minecraft:anvil":1,"minecraft:flower_pot":6,"minecraft:diamond_sword":1,"minecraft:smithing_table":1,"minecraft:lead":2,"duneons:broom":1,"minecraft:brewing_stand":2,"securitycraft:reinforced_white_concrete":1,"minecraft:string":8,"duneons:coin":30,"minecraft:beetroot":2,"minecraft:diamond_leggings":1,"minecraft:gold_nugget":3,"minecraft:spruce_planks":89,"minecraft:coal_block":4,"duneons:stonetablemaping":1,"born_in_chaos_v1:black_argillite_brick_stairs":2,"minecraft:stone_sword":2,"expanded_structures:block_stand":45,"minecraft:white_terracotta":13,"expanded_structures:light_crystal":1,"minecraft:iron_bars":5,"minecraft:cooked_beef":1,"minecraft:feather":2,"minecraft:iron_door":2,"born_in_chaos_v1:spiritual_dust":1,"minecraft:gray_concrete":2,"minecraft:lantern":9,"minecraft:stonecutter":1,"minecraft:moss_block":1,"expanded_structures:corrupted_log":7,"duneons:sugarrush":1,"minecraft:stripped_spruce_log":7,"duneons:diamondpickaxedungeon":1,"minecraft:ink_sac":2,"minecraft:dark_oak_log":2,"duneons:rewardstotem_top":1,"minecraft:barrel":1,"minecraft:stripped_acacia_log":2,"minecraft:polished_andesite":8,"minecraft:green_concrete":9,"minecraft:lever":2,"alexsmobs:maggot":28,"minecraft:crimson_roots":1,"minecraft:crafting_table":2,"minecraft:redstone_lamp":1,"born_in_chaos_v1:seedof_chaos":2,"minecraft:orange_banner":1,"born_in_chaos_v1:fired_black_argillite":2,"minecraft:heavy_weighted_pressure_plate":3,"minecraft:cornflower":66,"minecraft:cracked_stone_bricks":4,"minecraft:netherite_sword":7,"minecraft:beef":37,"born_in_chaos_v1:gnawed_bones":1,"expanded_structures:smashed_pumpkin":4,"minecraft:poppy":258,"minecraft:spruce_slab":9,"minecraft:chest":2,"minecraft:egg":6,"toughasnails:rain_collector":3,"minecraft:sandstone":1,"minecraft:polished_deepslate_slab":3,"minecraft:raw_gold_block":6,"minecraft:spruce_fence":5,"duneons:great_hammer":1,"born_in_chaos_v1:pieceofdarkmetal":2,"minecraft:carrot":47,"minecraft:redstone":5,"minecraft:mushroom_stem":1,"expanded_structures:ender_shard_block":1,"minecraft:tnt":2,"minecraft:diamond_chestplate":2,"minecraft:cooked_cod":63,"minecraft:decorated_pot":1,"minecraft:beetroot_seeds":7,"minecraft:hay_block":2,"minecraft:warped_sign":2,"minecraft:gold_ingot":4,"minecraft:totem_of_undying":2,"duneons:halberd":1,"minecraft:mutton":3,"twilightforest:darkwood_sapling":1,"minecraft:white_wool":2,"duneons:dungeonscharreddirt":3,"minecraft:mud_bricks":4,"born_in_chaos_v1:monster_flesh":1,"expanded_structures:ender_shard":2,"minecraft:torchflower":1,"graveyard:small_light_gray_urn":1,"minecraft:oak_log":1,"minecraft:white_banner":2,"mcwdoors:sliding_glass_door":2,"minecraft:light_blue_banner":1,"travelersbackpack:cake":1,"minecraft:stone_bricks":6,"minecraft:glass_bottle":3,"minecraft:iron_sword":1,"twilightforest:mangrove_sapling":1,"duneons:dungeonscharredcobblestone":2,"born_in_chaos_v1:ethereal_spirit":1,"minecraft:gravel":2,"travelersbackpack:blue_sleeping_bag":5,"minecraft:spruce_sapling":5,"graveyard:middle_bone_staff":1,"minecraft:spruce_log":141,"minecraft:oak_wood":1,"travelersbackpack:standard":1,"minecraft:slime_ball":2,"duneons:spideregg":1,"minecraft:scute":1,"minecraft:smooth_quartz_slab":5,"minecraft:ender_pearl":1,"minecraft:wheat":1,"minecraft:potion":25,"minecraft:stone_brick_stairs":1,"duneons:highblockhallsdoor":1,"minecraft:raw_copper":33,"minecraft:smooth_stone_slab":1,"minecraft:bucket":1,"minecraft:black_shulker_box":4,"minecraft:rose_bush":2,"minecraft:cobblestone_slab":1,"minecraft:calcite":2,"born_in_chaos_v1:stimulating_decoction":4,"minecraft:furnace":1,"minecraft:iron_boots":10,"minecraft:stick":30,"minecraft:torch":17,"minecraft:pointed_dripstone":1,"minecraft:rotten_flesh":39,"minecraft:deepslate_brick_stairs":1,"duneons:statue":3,"minecraft:cobblestone":265,"minecraft:leather_chestplate":2,"duneons:developerstatue":1,"minecraft:andesite":3,"minecraft:dirt":322,"born_in_chaos_v1:monster_skin":2,"minecraft:leather_boots":1,"minecraft:bone":44,"minecraft:bow":1,"minecraft:wheat_seeds":29,"minecraft:deepslate_brick_slab":3,"minecraft:cobbled_deepslate_slab":3,"minecraft:mossy_stone_bricks":8,"minecraft:oak_planks":2,"toughasnails:purified_water_canteen":4,"minecraft:cooked_porkchop":19,"minecraft:music_disc_13":1,"minecraft:jungle_planks":1,"duneons:dungeonscharredcobblestoneslab":1,"minecraft:sand":37,"minecraft:cyan_bed":1,"minecraft:lily_of_the_valley":1,"minecraft:mossy_cobblestone":1,"expanded_structures:corrupted_trap_door":1,"graveyard:upper_bone_staff":2,"minecraft:light_gray_concrete":2,"minecraft:light_gray_terracotta":1,"duneons:hoglinskull":2,"securitycraft:reinforced_blue_concrete":1,"minecraft:diamond":1,"minecraft:polished_blackstone_button":12,"minecraft:white_concrete":4,"minecraft:golden_apple":1,"minecraft:emerald":33,"duneons:highlandberries":15,"minecraft:ladder":2,"duneons:sanctumstone":1,"minecraft:gold_block":5,"minecraft:chain":1,"minecraft:item_frame":2,"minecraft:lectern":1,"duneons:sawstone":4,"minecraft:spruce_trapdoor":11,"minecraft:raw_iron":3,"expanded_structures:corrupted_doubloon":1,"minecraft:copper_ingot":1,"minecraft:flowering_azalea_leaves":1,"minecraft:quartz_pillar":1,"minecraft:stone_button":8,"minecraft:arrow":21,"minecraft:black_banner":1,"born_in_chaos_v1:fused_bone":2,"born_in_chaos_v1:corpse_maggot":13,"travelersbackpack:melon":1,"minecraft:leather":25,"minecraft:birch_planks":3,"minecraft:gunpowder":7,"minecraft:yellow_bed":1,"minecraft:piglin_head":1,"expanded_structures:refined_brick":2,"minecraft:book":160,"duneons:rewardstotem":1,"minecraft:emerald_block":28,"minecraft:pitcher_plant":1,"minecraft:dandelion":1,"duneons:spookysword":2,"minecraft:red_banner":1,"minecraft:blast_furnace":4,"minecraft:spider_eye":1,"duneons:teapot":1,"minecraft:gray_banner":1,"expanded_structures:sandy_refined_brick":2,"minecraft:iron_helmet":8,"minecraft:mossy_cobblestone_stairs":1,"minecraft:coal":129}},"DataVersion":3465}