{"stats":{"minecraft:dropped":{"minecraft:porkchop":1,"minecraft:wheat_seeds":13,"minecraft:glass_bottle":4,"duneons:dungeonscharreddirt":3,"minecraft:stick":3,"minecraft:mutton":3,"minecraft:brown_wool":2,"minecraft:bone_meal":1,"minecraft:sand":9,"minecraft:bone":1,"minecraft:cooked_chicken":3,"minecraft:stone_sword":1,"minecraft:cocoa_beans":1,"duneons:highlandstone":1,"minecraft:oak_planks":16,"minecraft:carrot":2,"duneons:highlandberries":22,"minecraft:leather_chestplate":2,"minecraft:gunpowder":1,"toughasnails:purified_water_bottle":1,"minecraft:beef":3,"minecraft:stone_pickaxe":1,"minecraft:glass":2,"minecraft:wooden_pickaxe":2},"minecraft:crafted":{"minecraft:oak_planks":116,"minecraft:furnace":2,"minecraft:glass":3,"minecraft:iron_boots":1,"born_in_chaos_v1:fried_maggot":1,"minecraft:stone_pickaxe":1,"minecraft:smoker":1,"minecraft:wheat":144,"minecraft:glass_bottle":3,"born_in_chaos_v1:smoked_fish":1,"alexsmobs:cooked_lobster_tail":2,"minecraft:crafting_table":3,"minecraft:wooden_pickaxe":1,"minecraft:stone_axe":1,"minecraft:bread":50,"minecraft:air":0,"minecraft:stick":8,"born_in_chaos_v1:smoked_flesh":9,"minecraft:leather_chestplate":3,"minecraft:stone_sword":1,"minecraft:gold_ingot":4},"minecraft:killed":{"alexsmobs:lobster":7,"minecraft:spider":3,"born_in_chaos_v1:zombie_bruiser":1,"born_in_chaos_v1:maggot":1,"minecraft:chicken":1,"duneons:pigchest":1,"born_in_chaos_v1:corpse_fish":1,"minecraft:creeper":1,"born_in_chaos_v1:decrepit_skeleton":2,"duneons:mountaineer":11,"minecraft:sheep":2,"minecraft:zombie":4,"born_in_chaos_v1:corpse_fly":2,"alexsmobs:fly":2,"minecraft:cow":6},"minecraft:mined":{"minecraft:acacia_log":1,"duneons:highlandstone":1,"duneons:highlandtallgrass":1,"duneons:gear":2,"minecraft:sandstone":1,"minecraft:spawner":4,"minecraft:hay_block":17,"minecraft:bookshelf":8,"minecraft:stone":64,"minecraft:orange_bed":3,"minecraft:smoker":3,"minecraft:orange_terracotta":1,"minecraft:crafting_table":1,"minecraft:sugar_cane":1,"minecraft:oak_planks":9,"duneons:windorangebannerdown":1,"minecraft:grass":112,"minecraft:oak_log":33,"minecraft:coal_ore":39,"minecraft:cocoa":1,"duneons:fan":2,"minecraft:sand":10,"duneons:highlandberrybushempty":1,"duneons:dungeonscharreddirt":8,"minecraft:oak_leaves":4,"minecraft:fern":31},"minecraft:used":{"minecraft:stone_sword":57,"born_in_chaos_v1:smoked_fish":1,"minecraft:iron_sword":64,"duneons:dungeonscharreddirt":5,"born_in_chaos_v1:fried_maggot":1,"minecraft:orange_bed":2,"minecraft:anvil":14,"minecraft:carrot":24,"duneons:glaivespooky":2,"alexsmobs:maggot":1,"born_in_chaos_v1:smoked_flesh":5,"duneons:gear":1,"alexsmobs:cooked_lobster_tail":2,"duneons:ravagergateiron":1,"minecraft:furnace":1,"minecraft:oak_sapling":1,"duneons:fan":1,"minecraft:glass_bottle":37,"minecraft:stone_pickaxe":102,"minecraft:oak_planks":43,"minecraft:leather_chestplate":1,"minecraft:wooden_pickaxe":4,"minecraft:sandstone":1,"minecraft:sand":20,"minecraft:crafting_table":4,"duneons:strengthenironpickaxe":19,"minecraft:smoker":4,"duneons:goldchain":11,"alexsmobs:flying_fish":1,"minecraft:stone_axe":48,"minecraft:potion":36,"toughasnails:purified_water_bottle":1,"duneons:windorangebannertop":1,"duneons:highlandberries":7},"minecraft:custom":{"minecraft:mob_kills":45,"minecraft:interact_with_anvil":3,"minecraft:interact_with_crafting_table":16,"minecraft:open_barrel":15,"minecraft:bell_ring":2,"minecraft:leave_game":5,"minecraft:time_since_death":138605,"minecraft:climb_one_cm":3238,"minecraft:sprint_one_cm":228317,"minecraft:walk_one_cm":189938,"minecraft:drop":58,"minecraft:talked_to_villager":7,"minecraft:play_time":138605,"minecraft:sneak_time":8870,"minecraft:walk_under_water_one_cm":24450,"minecraft:jump":1237,"minecraft:interact_with_brewingstand":1,"minecraft:interact_with_blast_furnace":2,"minecraft:walk_on_water_one_cm":17415,"minecraft:total_world_time":138605,"minecraft:interact_with_furnace":10,"minecraft:traded_with_villager":1,"minecraft:sleep_in_bed":4,"minecraft:time_since_rest":3778,"minecraft:damage_taken":685,"minecraft:damage_dealt":6841,"minecraft:swim_one_cm":57392,"minecraft:fly_one_cm":236225,"minecraft:open_chest":39,"minecraft:crouch_one_cm":15379,"minecraft:interact_with_smoker":15,"minecraft:fall_one_cm":23416},"minecraft:picked_up":{"minecraft:cocoa_beans":1,"minecraft:crafting_table":1,"minecraft:wooden_pickaxe":1,"minecraft:string":2,"duneons:windorangebannertop":1,"duneons:goldchest":1,"minecraft:beef":3,"duneons:strengthenironpickaxe":1,"minecraft:sugar_cane":3,"minecraft:stick":2,"minecraft:sandstone":1,"minecraft:porkchop":1,"minecraft:carrot":2,"minecraft:orange_bed":3,"minecraft:rotten_flesh":9,"minecraft:hay_block":16,"duneons:fan":2,"minecraft:cobblestone":68,"alexsmobs:flying_fish":1,"minecraft:mutton":3,"alexsmobs:lobster_tail":2,"duneons:dungeonscharreddirt":8,"born_in_chaos_v1:corpse_maggot":1,"minecraft:leather":8,"minecraft:brown_wool":2,"minecraft:smoker":3,"minecraft:oak_log":33,"duneons:gear":2,"minecraft:gunpowder":1,"duneons:sickles":1,"minecraft:glass":2,"minecraft:bone":3,"travelersbackpack:backpack_tank":2,"minecraft:wheat_seeds":13,"duneons:mountaineeraxeiron":1,"minecraft:glass_bottle":3,"minecraft:oak_planks":24,"minecraft:book":24,"minecraft:sand":12,"minecraft:bone_meal":1,"duneons:highlandstone":1,"minecraft:golden_apple":1,"alexsmobs:maggot":1,"minecraft:oak_sapling":1,"born_in_chaos_v1:rotten_fish":1,"minecraft:coal":59}},"DataVersion":3465}