{"stats":{"minecraft:custom":{"minecraft:interact_with_furnace":7,"minecraft:interact_with_anvil":1,"minecraft:mob_kills":11,"minecraft:interact_with_crafting_table":11,"minecraft:raid_trigger":1,"minecraft:time_since_death":41032,"minecraft:sleep_in_bed":1,"minecraft:time_since_rest":2876,"minecraft:sprint_one_cm":114275,"minecraft:damage_taken":216,"minecraft:walk_one_cm":98597,"minecraft:drop":6,"minecraft:damage_dealt":1340,"minecraft:swim_one_cm":16278,"minecraft:talked_to_villager":1,"minecraft:fly_one_cm":105263,"minecraft:open_chest":6,"minecraft:crouch_one_cm":3418,"minecraft:play_time":41032,"minecraft:sneak_time":1386,"minecraft:walk_under_water_one_cm":6342,"minecraft:jump":496,"minecraft:walk_on_water_one_cm":4026,"minecraft:total_world_time":41032,"minecraft:interact_with_smoker":5,"minecraft:fall_one_cm":6226},"minecraft:dropped":{"minecraft:birch_sapling":1,"duneons:highlandlog":16,"minecraft:leather_chestplate":2,"minecraft:dirt":1,"minecraft:oak_sapling":1},"minecraft:killed":{"alexsmobs:lobster":6,"duneons:mountaineer":1,"born_in_chaos_v1:maggot":2,"minecraft:drowned":2},"minecraft:crafted":{"minecraft:glass_bottle":3,"minecraft:oak_planks":56,"alexsmobs:cooked_lobster_tail":4,"minecraft:furnace":1,"minecraft:stone_axe":1,"minecraft:air":0,"minecraft:glass":3,"minecraft:stick":8,"minecraft:leather_chestplate":3,"born_in_chaos_v1:smoked_flesh":6,"minecraft:stone_pickaxe":1,"minecraft:stone_sword":1,"minecraft:smoker":1},"minecraft:mined":{"minecraft:smoker":1,"minecraft:brewing_stand":1,"duneons:highlandtallgrass":2,"duneons:highlandgrass":1,"minecraft:tall_grass":1,"minecraft:cobblestone":6,"minecraft:sugar_cane":4,"minecraft:hay_block":96,"minecraft:birch_log":6,"minecraft:birch_leaves":6,"minecraft:yellow_bed":2,"minecraft:bookshelf":3,"minecraft:oak_log":22,"minecraft:sand":3,"duneons:highlandlog":79,"minecraft:stone":20,"minecraft:oak_leaves":2},"minecraft:picked_up":{"minecraft:stripped_oak_log":4,"minecraft:birch_log":6,"born_in_chaos_v1:corpse_maggot":1,"minecraft:smoker":1,"duneons:outpostblueplanks":1,"minecraft:oak_log":22,"minecraft:brewing_stand":1,"minecraft:yellow_bed":2,"minecraft:dirt":1,"minecraft:apple":1,"duneons:mountaineeraxeiron":1,"minecraft:iron_pickaxe":1,"minecraft:sugar_cane":12,"minecraft:birch_sapling":1,"minecraft:furnace":1,"minecraft:book":9,"duneons:highlandlog":80,"minecraft:stick":1,"minecraft:sand":3,"minecraft:rotten_flesh":7,"minecraft:hay_block":94,"minecraft:emerald":1,"minecraft:oak_sapling":1,"minecraft:cobblestone":29,"alexsmobs:lobster_tail":4},"minecraft:used":{"minecraft:stone_sword":32,"minecraft:glass_bottle":15,"minecraft:stone_pickaxe":30,"minecraft:oak_planks":3,"minecraft:anvil":1,"minecraft:crafting_table":1,"minecraft:carrot":3,"minecraft:smoker":1,"duneons:outpostblueplanks":1,"alexsmobs:cooked_lobster_tail":4,"minecraft:stone_axe":109,"minecraft:cobblestone":13,"minecraft:potion":12,"minecraft:furnace":1,"minecraft:yellow_bed":1}},"DataVersion":3465}