{"stats":{"minecraft:dropped":{"minecraft:bread":9,"duneons:coin":2,"minecraft:porkchop":4,"minecraft:wheat_seeds":14,"minecraft:glass_bottle":4,"minecraft:crafting_table":1,"minecraft:cobblestone":1,"duneons:dungeonscharreddirt":3,"minecraft:stick":3,"minecraft:mutton":3,"minecraft:brown_wool":2,"duneons:mountaineeraxeiron":1,"minecraft:amethyst_shard":3,"minecraft:bone_meal":1,"minecraft:sand":9,"minecraft:orange_bed":1,"duneons:featherblue":1,"minecraft:gold_ingot":1,"minecraft:bone":1,"minecraft:stone_axe":2,"minecraft:cooked_chicken":3,"minecraft:stone_sword":1,"minecraft:cocoa_beans":1,"duneons:highlandstone":1,"minecraft:oak_planks":74,"minecraft:carrot":3,"duneons:highlandberries":22,"minecraft:leather_chestplate":2,"minecraft:gunpowder":1,"duneons:fan":1,"toughasnails:purified_water_bottle":1,"minecraft:beef":3,"minecraft:stone_pickaxe":1,"minecraft:glass":2,"minecraft:wooden_pickaxe":2,"duneons:bad_omen_captain_banner":1},"minecraft:crafted":{"minecraft:oak_planks":116,"minecraft:furnace":2,"minecraft:glass":3,"minecraft:iron_boots":1,"born_in_chaos_v1:fried_maggot":1,"minecraft:stone_pickaxe":1,"minecraft:chest":1,"minecraft:smoker":1,"minecraft:wheat":299,"minecraft:glass_bottle":3,"born_in_chaos_v1:smoked_fish":1,"alexsmobs:cooked_lobster_tail":2,"minecraft:crafting_table":5,"minecraft:wooden_pickaxe":1,"travelersbackpack:standard":1,"travelersbackpack:blue_sleeping_bag":1,"minecraft:stone_axe":1,"minecraft:bread":107,"minecraft:air":0,"minecraft:blue_dye":15,"minecraft:stick":8,"born_in_chaos_v1:smoked_flesh":9,"minecraft:leather_chestplate":3,"minecraft:stone_sword":1,"minecraft:blue_wool":2,"minecraft:gold_ingot":4},"minecraft:killed":{"alexsmobs:lobster":7,"minecraft:spider":3,"born_in_chaos_v1:zombie_bruiser":1,"born_in_chaos_v1:maggot":1,"minecraft:chicken":1,"duneons:pigchest":7,"born_in_chaos_v1:corpse_fish":1,"minecraft:iron_golem":1,"minecraft:creeper":1,"born_in_chaos_v1:decrepit_skeleton":2,"duneons:mountaineer":11,"minecraft:sheep":4,"minecraft:zombie":4,"born_in_chaos_v1:corpse_fly":2,"alexsmobs:fly":2,"minecraft:cow":6},"minecraft:mined":{"minecraft:acacia_log":1,"duneons:highlandstone":1,"duneons:highlandtallgrass":1,"duneons:gear":2,"minecraft:sandstone":1,"minecraft:spawner":4,"minecraft:hay_block":37,"minecraft:bookshelf":28,"minecraft:stone":65,"minecraft:orange_bed":4,"minecraft:smoker":3,"minecraft:orange_terracotta":1,"minecraft:crafting_table":1,"minecraft:cornflower":15,"minecraft:note_block":7,"minecraft:tall_grass":2,"minecraft:sugar_cane":1,"minecraft:oak_planks":10,"duneons:windorangebannerdown":1,"minecraft:birch_leaves":2,"minecraft:grass":125,"minecraft:oak_log":33,"minecraft:coal_ore":44,"minecraft:cocoa":1,"duneons:fan":2,"minecraft:sand":10,"duneons:highlandberrybushempty":1,"duneons:dungeonscharreddirt":8,"minecraft:oak_leaves":5,"minecraft:fern":31},"minecraft:used":{"minecraft:stone_sword":57,"born_in_chaos_v1:smoked_fish":1,"minecraft:iron_sword":64,"duneons:dungeonscharreddirt":5,"born_in_chaos_v1:fried_maggot":1,"minecraft:orange_bed":4,"minecraft:anvil":14,"minecraft:carrot":24,"duneons:glaivespooky":36,"alexsmobs:maggot":1,"born_in_chaos_v1:smoked_flesh":5,"duneons:gear":1,"alexsmobs:cooked_lobster_tail":2,"duneons:ravagergateiron":1,"minecraft:furnace":1,"minecraft:oak_sapling":1,"duneons:fan":1,"minecraft:glass_bottle":51,"minecraft:stone_pickaxe":102,"minecraft:oak_planks":55,"minecraft:leather_chestplate":1,"minecraft:wooden_pickaxe":4,"minecraft:sandstone":1,"minecraft:sand":20,"minecraft:crafting_table":5,"duneons:strengthenironpickaxe":25,"minecraft:smoker":4,"duneons:goldchain":11,"alexsmobs:flying_fish":1,"minecraft:bread":9,"minecraft:stone_axe":48,"travelersbackpack:standard":1,"minecraft:potion":50,"toughasnails:purified_water_bottle":1,"duneons:windorangebannertop":1,"duneons:highlandberries":7},"minecraft:custom":{"minecraft:mob_kills":54,"minecraft:interact_with_anvil":3,"minecraft:interact_with_crafting_table":20,"minecraft:open_barrel":15,"minecraft:bell_ring":2,"minecraft:leave_game":5,"minecraft:time_since_death":174605,"minecraft:climb_one_cm":3730,"minecraft:sprint_one_cm":384307,"minecraft:walk_one_cm":238361,"minecraft:drop":77,"minecraft:play_noteblock":7,"minecraft:talked_to_villager":8,"minecraft:play_time":174605,"minecraft:sneak_time":9758,"minecraft:walk_under_water_one_cm":24953,"minecraft:jump":2222,"minecraft:interact_with_brewingstand":1,"minecraft:interact_with_blast_furnace":2,"minecraft:walk_on_water_one_cm":20034,"minecraft:total_world_time":174605,"minecraft:interact_with_furnace":11,"minecraft:traded_with_villager":1,"minecraft:tune_noteblock":7,"minecraft:raid_trigger":1,"minecraft:sleep_in_bed":6,"minecraft:time_since_rest":13882,"minecraft:damage_taken":685,"minecraft:damage_dealt":8891,"minecraft:swim_one_cm":82983,"minecraft:fly_one_cm":517961,"minecraft:open_chest":50,"minecraft:crouch_one_cm":17154,"minecraft:interact_with_smoker":15,"minecraft:fall_one_cm":46876},"minecraft:picked_up":{"minecraft:cocoa_beans":1,"minecraft:crafting_table":1,"minecraft:wheat":16,"minecraft:wooden_pickaxe":1,"minecraft:cornflower":15,"duneons:bad_omen_captain_banner":1,"duneons:coin":2,"minecraft:string":2,"duneons:windorangebannertop":1,"duneons:goldchest":2,"minecraft:beef":3,"duneons:strengthenironpickaxe":3,"duneons:smallbow":1,"minecraft:sugar_cane":3,"minecraft:stick":2,"minecraft:sandstone":1,"minecraft:note_block":7,"minecraft:porkchop":4,"minecraft:carrot":2,"minecraft:orange_bed":5,"minecraft:rotten_flesh":9,"minecraft:hay_block":35,"duneons:fan":2,"minecraft:white_wool":2,"minecraft:cobblestone":69,"alexsmobs:flying_fish":1,"minecraft:mutton":3,"alexsmobs:lobster_tail":2,"duneons:dungeonscharreddirt":8,"born_in_chaos_v1:corpse_maggot":1,"minecraft:leather":8,"minecraft:brown_wool":2,"minecraft:smoker":3,"minecraft:oak_log":33,"duneons:gear":2,"minecraft:gunpowder":1,"duneons:sickles":1,"minecraft:glass":2,"minecraft:bone":3,"travelersbackpack:backpack_tank":2,"minecraft:wheat_seeds":14,"minecraft:iron_ingot":3,"duneons:mountaineeraxeiron":1,"minecraft:glass_bottle":3,"minecraft:oak_planks":83,"minecraft:book":84,"minecraft:sand":12,"minecraft:stone_axe":1,"duneons:featherblue":2,"minecraft:bone_meal":1,"duneons:highlandstone":1,"minecraft:golden_apple":3,"alexsmobs:maggot":1,"minecraft:oak_sapling":1,"born_in_chaos_v1:rotten_fish":1,"minecraft:coal":64}},"DataVersion":3465}