{"stats":{"minecraft:crafted":{"minecraft:smooth_stone":27,"travelersbackpack:crafting_upgrade":1,"securitycraft:keypad_item":4,"minecraft:bookshelf":2,"minecraft:iron_bars":16,"minecraft:glass":91,"minecraft:diamond_helmet":1,"minecraft:diamond_leggings":1,"duneons:randomatoolbox":2,"minecraft:iron_door":6,"minecraft:emerald":281,"toughasnails:rain_collector":5,"minecraft:diamond_axe":1,"travelersbackpack:standard":2,"minecraft:raw_gold_block":6,"minecraft:smithing_table":1,"minecraft:iron_pickaxe":1,"minecraft:iron_block":512,"minecraft:gold_ingot":1377,"travelersbackpack:blank_upgrade":4,"travelersbackpack:gold_tier_upgrade":1,"born_in_chaos_v1:pieceofdarkmetal":27,"minecraft:diamond":36,"securitycraft:universal_block_remover":1,"minecraft:ladder":3,"minecraft:spruce_slab":6,"minecraft:diamond_boots":1,"minecraft:redstone_block":1,"minecraft:wheat":18,"minecraft:coal_block":11,"expanded_structures:ender_shard":9,"minecraft:enchanted_book":3,"securitycraft:door_indestructible_iron_item":6,"minecraft:golden_apple":100,"minecraft:iron_leggings":1,"duneons:featherblue":1,"minecraft:oak_planks":45,"minecraft:barrel":5,"minecraft:stone":59,"duneons:randombox":4,"minecraft:heavy_weighted_pressure_plate":4,"securitycraft:laser_block":1,"minecraft:iron_boots":11,"minecraft:chest":15,"securitycraft:keypad_door_item":1,"minecraft:smoker":1,"minecraft:oak_slab":12,"travelersbackpack:iron_tier_upgrade":1,"minecraft:arrow":12,"minecraft:crafting_table":9,"minecraft:spruce_planks":413,"minecraft:iron_helmet":1,"minecraft:gold_block":65,"travelersbackpack:blue_sleeping_bag":1,"minecraft:emerald_block":6,"minecraft:iron_chestplate":1,"minecraft:charcoal":44,"minecraft:diamond_pickaxe":1,"toughasnails:water_purifier":2,"minecraft:stick":16,"duneons:gauntlet_wolf":1,"minecraft:iron_ingot":590,"minecraft:leather_chestplate":4,"minecraft:shears":1,"securitycraft:universal_block_reinforcer_lvl1":1,"toughasnails:empty_canteen":1,"minecraft:redstone":36,"minecraft:coal":18,"minecraft:stone_button":32,"minecraft:furnace":13,"minecraft:blast_furnace":9,"securitycraft:keypad_frame":1,"minecraft:glass_pane":16,"duneons:skeletonhammer":1,"travelersbackpack:diamond_tier_upgrade":1,"travelersbackpack:backpack_tank":4,"minecraft:bucket":1,"minecraft:bread":86,"minecraft:air":0,"aether:iron_gloves":1,"minecraft:blue_dye":66,"minecraft:raw_gold":684,"minecraft:blue_wool":2,"minecraft:anvil":1,"minecraft:acacia_planks":4,"minecraft:diamond_chestplate":1},"minecraft:dropped":{"minecraft:iron_sword":2,"minecraft:cooked_beef":3,"minecraft:glass_bottle":4,"minecraft:diamond":9,"minecraft:crafting_table":1,"minecraft:cooked_porkchop":19,"minecraft:cracked_stone_bricks":4,"minecraft:emerald":83,"born_in_chaos_v1:monster_flesh":8,"minecraft:dirt":14,"minecraft:gray_concrete":2,"minecraft:stone_button":4,"minecraft:chain":1,"minecraft:gold_nugget":3,"minecraft:bone_meal":1,"minecraft:fermented_spider_eye":1,"minecraft:white_wool":2,"minecraft:lever":2,"minecraft:iron_nugget":24,"minecraft:golden_chestplate":2,"alexsmobs:animal_dictionary":1,"minecraft:gray_banner":1,"minecraft:netherite_sword":7,"minecraft:wheat":2,"minecraft:rotten_flesh":39,"minecraft:oak_planks":1,"minecraft:sea_lantern":1,"minecraft:leather_boots":1,"minecraft:leather_leggings":1,"minecraft:spruce_slab":5,"minecraft:glass":5,"minecraft:beef":12,"minecraft:stone_brick_stairs":1,"minecraft:egg":1,"minecraft:enchanted_book":1,"minecraft:iron_ingot":2,"minecraft:wheat_seeds":27,"minecraft:tnt":1,"minecraft:feather":9,"minecraft:iron_helmet":10,"minecraft:book":1,"duneons:highblockhallsdoor":1,"minecraft:chainmail_helmet":1,"minecraft:coal":52,"minecraft:golden_apple":35,"minecraft:polished_andesite":8,"minecraft:potion":22,"expanded_structures:smashed_pumpkin":4,"minecraft:mossy_cobblestone_stairs":1,"minecraft:string":4,"minecraft:spruce_sapling":4,"minecraft:netherite_ingot":10,"minecraft:stone_sword":2,"minecraft:bowl":1,"minecraft:iron_boots":21,"minecraft:name_tag":1,"minecraft:light_gray_concrete":2,"minecraft:diamond_sword":1,"minecraft:cobblestone_slab":1,"minecraft:potato":9,"minecraft:flower_pot":3,"minecraft:spruce_trapdoor":2,"minecraft:spruce_planks":16,"minecraft:yellow_bed":1,"minecraft:stone_pressure_plate":2,"minecraft:stone_bricks":8,"minecraft:spider_eye":3,"minecraft:sandstone":1,"minecraft:bow":2,"minecraft:cyan_bed":1,"minecraft:diamond_axe":2,"minecraft:ender_pearl":3,"duneons:mossendirt":1,"minecraft:leather":2,"minecraft:flint":1,"minecraft:redstone_lamp":1,"minecraft:mutton":3,"minecraft:crimson_roots":1,"minecraft:cooked_cod":132,"minecraft:pumpkin_pie":1,"minecraft:gold_ingot":6,"expanded_structures:ender_shard":1,"born_in_chaos_v1:ethereal_spirit":1,"minecraft:beetroot":2,"minecraft:carrot":11,"minecraft:poppy":2355,"minecraft:leather_chestplate":5,"minecraft:gunpowder":6,"minecraft:beetroot_seeds":7,"born_in_chaos_v1:corpse_maggot":4,"minecraft:arrow":7,"expanded_structures:sandy_refined_brick":2,"alexsmobs:lava_bottle":1,"minecraft:water_bucket":1,"minecraft:bread":6,"minecraft:mossy_cobblestone":4,"minecraft:copper_ingot":1,"minecraft:grass_block":1,"minecraft:stick":24,"minecraft:torch":2,"minecraft:white_concrete":2,"born_in_chaos_v1:fused_bone":2,"minecraft:iron_door":3,"minecraft:iron_leggings":1,"duneons:dungeonscharredcobblestone":2,"minecraft:smooth_quartz_slab":1,"toughasnails:purified_water_canteen":4,"minecraft:iron_axe":1,"minecraft:granite_stairs":1,"minecraft:bucket":2,"duneons:featherblue":2,"minecraft:dandelion":1,"minecraft:redstone":3,"alexsmobs:maggot":6,"minecraft:raw_iron":1,"minecraft:totem_of_undying":2,"minecraft:filled_map":1,"securitycraft:universal_block_remover":1,"minecraft:shield":1,"minecraft:diamond_chestplate":1,"expanded_structures:light_crystal":1,"minecraft:iron_chestplate":2,"minecraft:andesite":3,"minecraft:mossy_stone_bricks":9,"toughasnails:purified_water_bottle":2,"minecraft:golden_leggings":2,"minecraft:spruce_log":36,"securitycraft:universal_block_reinforcer_lvl1":1},"minecraft:mined":{"duneons:charredstone":2,"minecraft:coal_block":4,"duneons:villager_statuesmooth":1,"duneons:coinsstage_1":1,"expanded_structures:ender_shard_block":2,"minecraft:spawner":43,"graveyard:wither_skull_with_rib_cage":1,"minecraft:polished_blackstone_bricks":1,"expanded_structures:sandy_refined_brick":2,"minecraft:mossy_cobblestone_stairs":2,"minecraft:cobbled_deepslate":1,"minecraft:fire":4,"minecraft:barrel":1,"minecraft:enchanting_table":1,"minecraft:polished_deepslate_slab":4,"minecraft:light_gray_concrete":2,"minecraft:deepslate_brick_stairs":5,"expanded_structures:block_stand":86,"minecraft:piglin_head":1,"minecraft:powder_snow":2,"minecraft:note_block":16,"minecraft:blast_furnace":4,"minecraft:white_stained_glass_pane":1,"minecraft:smooth_quartz_slab":4,"expanded_structures:ender_shard_ore":2,"minecraft:cyan_bed":1,"minecraft:sugar_cane":10,"minecraft:white_terracotta":13,"graveyard:wither_skeleton_hand":1,"minecraft:wheat":1,"minecraft:jukebox":1,"duneons:broom":1,"minecraft:stone_brick_stairs":1,"minecraft:grass":39,"minecraft:stonecutter":1,"duneons:dungeonscharreddirt":3,"minecraft:light_gray_stained_glass_pane":5,"minecraft:mossy_cobblestone":8,"minecraft:dark_oak_log":2,"minecraft:cobbled_deepslate_slab":12,"minecraft:spruce_fence":5,"minecraft:jungle_planks":1,"minecraft:crimson_roots":1,"minecraft:redstone_wire":4,"minecraft:black_stained_glass_pane":2,"minecraft:packed_mud":1,"minecraft:potted_torchflower":1,"minecraft:andesite":3,"expanded_structures:tower_light_piping":1,"minecraft:mossy_stone_brick_stairs":2,"minecraft:cobblestone_slab":1,"minecraft:smithing_table":1,"minecraft:redstone_block":4,"expanded_structures:pure_corruption_block":1,"minecraft:gray_concrete":14,"duneons:developerstatue":1,"expanded_structures:pink_light":2,"minecraft:cornflower":63,"minecraft:tall_grass":3,"minecraft:copper_ore":8,"expanded_structures:corrupted_log":1,"minecraft:black_stained_glass":4,"minecraft:coarse_dirt":1,"graveyard:vase_block":9,"minecraft:torchflower":1,"minecraft:spruce_log":108,"aether:potted_purple_flower":1,"minecraft:birch_leaves":3,"minecraft:quartz_pillar":1,"minecraft:pitcher_crop":3,"minecraft:gravel":2,"minecraft:cobweb":24,"minecraft:stone_bricks":10,"duneons:coinsstage_2":1,"minecraft:orange_wall_banner":1,"minecraft:fern":7,"expanded_structures:bricked_pumpkin_wall":1,"minecraft:black_shulker_box":2,"minecraft:stone_pressure_plate":4,"minecraft:spruce_planks":76,"minecraft:cobbled_deepslate_stairs":5,"minecraft:brewing_stand":2,"travelersbackpack:blue_sleeping_bag":5,"minecraft:spruce_trapdoor":11,"minecraft:grass_block":16,"minecraft:potted_mangrove_propagule":1,"minecraft:white_concrete":3,"twilightforest:potted_time_sapling":1,"minecraft:mud_bricks":7,"minecraft:glowstone":12,"minecraft:iron_ore":3,"expanded_structures:refined_brick":3,"duneons:bigwellwater":1,"born_in_chaos_v1:black_argillite_brick_stairs":2,"graveyard:leaning_wither_skeleton":1,"graveyard:upper_bone_staff":3,"minecraft:iron_bars":20,"twilightforest:potted_rainbow_oak_sapling":2,"expanded_structures:corrupted_trap_door":1,"minecraft:potted_cornflower":2,"duneons:urn_loot_big_red":1,"minecraft:spruce_slab":7,"graveyard:middle_bone_staff":1,"expanded_structures:worlds_most_useless_block":2,"minecraft:orange_terracotta":1,"duneons:burned_planks":1,"minecraft:light_gray_terracotta":1,"minecraft:calcite":2,"minecraft:chest":2,"minecraft:cobblestone":31,"minecraft:oak_planks":1,"minecraft:iron_door":5,"minecraft:light_blue_banner":1,"minecraft:birch_log":64,"twilightforest:potted_mangrove_sapling":1,"born_in_chaos_v1:fired_black_argillite":2,"expanded_structures:white_light":2,"graveyard:skull_pile":1,"minecraft:smooth_stone_slab":1,"minecraft:oak_log":65,"minecraft:beetroots":2,"minecraft:sand":985,"minecraft:dirt":13,"expanded_structures:waffle_block":1,"minecraft:oak_leaves":9,"minecraft:emerald_block":28,"minecraft:redstone_lamp":3,"minecraft:red_carpet":1,"toughasnails:rain_collector":2,"minecraft:ladder":2,"minecraft:stone_button":3,"minecraft:decorated_pot":1,"minecraft:polished_andesite_slab":2,"minecraft:spruce_leaves":2,"minecraft:sandstone":1,"minecraft:hay_block":2,"minecraft:deepslate_brick_slab":10,"minecraft:furnace":1,"minecraft:carrots":1,"minecraft:raw_gold_block":6,"twilightforest:potted_mayapple":2,"minecraft:stripped_spruce_log":4,"minecraft:gold_block":5,"expanded_structures:incidious_stump":1,"minecraft:bookshelf":75,"duneons:loot_biggrey":1,"minecraft:stripped_acacia_log":2,"minecraft:stone":302,"duneons:sawstone":4,"duneons:statue":3,"minecraft:red_banner":1,"duneons:coins":2,"graveyard:small_light_gray_urn":1,"minecraft:crafting_table":3,"duneons:rewardstotem":1,"minecraft:rose_bush":1,"minecraft:andesite_slab":1,"duneons:dustdiamond":1,"minecraft:deepslate_coal_ore":1,"born_in_chaos_v1:chipped_black_argillite_brick":1,"minecraft:birch_planks":3,"duneons:rewardstotem_top":1,"minecraft:black_wall_banner":1,"duneons:stonetablemaping":1,"minecraft:white_wall_banner":2,"minecraft:coal_ore":91,"minecraft:cracked_stone_bricks":10,"duneons:teapot":1,"minecraft:polished_andesite":8,"minecraft:mossy_stone_bricks":8},"minecraft:killed":{"minecraft:cave_spider":15,"born_in_chaos_v1:restless_spirit":3,"minecraft:skeleton":35,"graveyard:acolyte":27,"minecraft:iron_golem":2,"minecraft:pillager":3,"minecraft:zombie":49,"born_in_chaos_v1:corpse_fly":5,"born_in_chaos_v1:door_knight":1,"minecraft:cow":27,"alexsmobs:seagull":1,"minecraft:horse":4,"born_in_chaos_v1:dire_hound_leader":1,"duneons:pigchest":1,"born_in_chaos_v1:barrel_zombie":1,"duneons:frozenzombie":2,"born_in_chaos_v1:bone_imp_minion":1,"born_in_chaos_v1:decrepit_skeleton":5,"expanded_structures:villager_outcast":46,"minecraft:enderman":1,"minecraft:witch":2,"minecraft:spider":18,"duneons:necromancer":1,"duneons:redstonegolem":2,"duneons:vangruardskeleton":2,"minecraft:zombie_villager":3,"minecraft:creeper":1,"duneons:mountaineer":6,"minecraft:sheep":2,"born_in_chaos_v1:dread_hound":2,"minecraft:stray":1,"alexsmobs:fly":1,"graveyard:revenant":1,"born_in_chaos_v1:maggot":22,"minecraft:phantom":2,"minecraft:drowned":3,"born_in_chaos_v1:nightmare_stalker":1,"minecraft:villager":5},"minecraft:picked_up":{"minecraft:iron_chestplate":1,"minecraft:suspicious_stew":2,"minecraft:flower_pot":13,"minecraft:anvil":1,"minecraft:diamond_sword":1,"minecraft:smithing_table":1,"minecraft:lead":2,"duneons:broom":1,"minecraft:brewing_stand":2,"securitycraft:reinforced_white_concrete":1,"minecraft:string":34,"duneons:coin":32,"minecraft:beetroot":2,"minecraft:diamond_leggings":1,"minecraft:gold_nugget":3,"bosses_of_mass_destruction:soul_star":1,"minecraft:spruce_planks":89,"duneons:smallbow":1,"minecraft:coal_block":4,"born_in_chaos_v1:shattered_skull":1,"minecraft:jukebox":1,"duneons:stonetablemaping":1,"born_in_chaos_v1:black_argillite_brick_stairs":2,"minecraft:golden_chestplate":2,"minecraft:stone_sword":2,"expanded_structures:block_stand":85,"duneons:soul_scythe":1,"minecraft:white_terracotta":13,"duneons:goldmace":1,"expanded_structures:light_crystal":9,"minecraft:iron_bars":15,"minecraft:birch_log":64,"minecraft:cooked_beef":3,"minecraft:feather":2,"minecraft:iron_door":5,"born_in_chaos_v1:spiritual_dust":1,"minecraft:gray_concrete":2,"minecraft:lantern":9,"securitycraft:reinforced_stone_button":32,"duneons:mossendirt":1,"minecraft:stonecutter":1,"minecraft:glowstone_dust":36,"minecraft:moss_block":1,"expanded_structures:corrupted_log":7,"minecraft:pitcher_pod":2,"duneons:sugarrush":1,"minecraft:stripped_spruce_log":7,"minecraft:ink_sac":2,"duneons:diamondpickaxedungeon":1,"duneons:rewardstotem_top":1,"minecraft:dark_oak_log":2,"minecraft:barrel":1,"securitycraft:universal_block_remover":1,"minecraft:stripped_acacia_log":2,"minecraft:polished_andesite":8,"minecraft:green_concrete":9,"minecraft:lever":2,"minecraft:chainmail_helmet":1,"alexsmobs:maggot":30,"minecraft:bricks":1,"minecraft:crimson_roots":1,"minecraft:crafting_table":4,"minecraft:leather_leggings":1,"minecraft:redstone_lamp":3,"born_in_chaos_v1:seedof_chaos":2,"minecraft:orange_banner":1,"born_in_chaos_v1:fired_black_argillite":2,"minecraft:heavy_weighted_pressure_plate":3,"minecraft:cornflower":66,"minecraft:cracked_stone_bricks":7,"minecraft:netherite_sword":7,"minecraft:beef":55,"born_in_chaos_v1:gnawed_bones":1,"expanded_structures:smashed_pumpkin":4,"minecraft:poppy":261,"minecraft:iron_nugget":24,"minecraft:spruce_slab":11,"minecraft:chest":2,"minecraft:birch_sapling":6,"minecraft:egg":7,"toughasnails:rain_collector":3,"minecraft:sandstone":1,"minecraft:polished_deepslate_slab":3,"minecraft:raw_gold_block":6,"minecraft:spruce_fence":5,"duneons:great_hammer":1,"born_in_chaos_v1:pieceofdarkmetal":3,"minecraft:carrot":47,"minecraft:redstone":5,"minecraft:mushroom_stem":1,"expanded_structures:ender_shard_block":2,"minecraft:tnt":2,"minecraft:diamond_chestplate":2,"minecraft:cooked_cod":63,"minecraft:decorated_pot":1,"minecraft:beetroot_seeds":7,"minecraft:hay_block":2,"minecraft:warped_sign":2,"minecraft:gold_ingot":4,"minecraft:totem_of_undying":3,"duneons:halberd":1,"minecraft:mutton":3,"minecraft:white_wool":2,"twilightforest:darkwood_sapling":1,"duneons:dungeonscharreddirt":3,"minecraft:mud_bricks":4,"born_in_chaos_v1:monster_flesh":9,"expanded_structures:ender_shard":3,"minecraft:torchflower":2,"graveyard:small_light_gray_urn":1,"minecraft:oak_log":65,"minecraft:white_banner":2,"duneons:burned_planks":1,"mcwdoors:sliding_glass_door":2,"minecraft:light_blue_banner":1,"travelersbackpack:cake":1,"minecraft:apple":2,"minecraft:stone_bricks":9,"duneons:crumsoncoresword":1,"minecraft:glass_bottle":3,"minecraft:iron_sword":1,"twilightforest:mangrove_sapling":1,"duneons:dungeonscharredcobblestone":2,"born_in_chaos_v1:ethereal_spirit":1,"minecraft:gravel":2,"born_in_chaos_v1:fangofthe_hound_leader":1,"travelersbackpack:blue_sleeping_bag":5,"minecraft:spruce_sapling":5,"graveyard:middle_bone_staff":1,"minecraft:spruce_log":141,"minecraft:oak_wood":1,"travelersbackpack:standard":1,"minecraft:slime_ball":2,"duneons:spideregg":1,"minecraft:diamond_axe":2,"minecraft:scute":1,"securitycraft:keypad":1,"duneons:miniredstonegolem":1,"minecraft:ender_pearl":1,"minecraft:mangrove_propagule":1,"minecraft:smooth_quartz_slab":6,"minecraft:hopper":1,"twilightforest:time_sapling":1,"minecraft:wheat":1,"securitycraft:keypad_item":1,"minecraft:redstone_block":4,"duneons:villager_statuesmooth":1,"minecraft:potion":26,"minecraft:stone_brick_stairs":1,"duneons:highblockhallsdoor":1,"duneons:ashblock":1,"minecraft:raw_copper":33,"minecraft:iron_leggings":1,"minecraft:smooth_stone_slab":1,"minecraft:oak_sign":2,"twilightforest:rainbow_oak_sapling":2,"minecraft:black_shulker_box":4,"minecraft:bucket":2,"minecraft:rose_bush":2,"minecraft:cobblestone_slab":1,"minecraft:calcite":2,"born_in_chaos_v1:stimulating_decoction":4,"minecraft:furnace":1,"minecraft:iron_boots":10,"minecraft:stick":38,"minecraft:torch":17,"minecraft:spruce_stairs":1,"minecraft:porkchop":1,"duneons:magicwand":1,"minecraft:pointed_dripstone":1,"minecraft:rotten_flesh":71,"minecraft:deepslate_brick_stairs":1,"duneons:statue":3,"minecraft:cobblestone":330,"minecraft:enchanting_table":1,"minecraft:leather_chestplate":2,"duneons:developerstatue":1,"minecraft:andesite":3,"minecraft:golden_leggings":2,"duneons:purplevangardpotion":1,"minecraft:dirt":337,"born_in_chaos_v1:monster_skin":5,"minecraft:leather_boots":2,"minecraft:bone":77,"minecraft:bow":3,"minecraft:wheat_seeds":31,"minecraft:deepslate_brick_slab":3,"minecraft:cobbled_deepslate_slab":3,"minecraft:mossy_stone_bricks":12,"minecraft:bamboo":5,"minecraft:oak_planks":2,"minecraft:mossy_stone_brick_stairs":2,"toughasnails:purified_water_canteen":4,"duneons:red_stone_golem_skull":1,"minecraft:cooked_porkchop":19,"minecraft:music_disc_13":1,"minecraft:sand":984,"duneons:dungeonscharredcobblestoneslab":1,"minecraft:jungle_planks":1,"minecraft:cyan_bed":1,"minecraft:lily_of_the_valley":1,"expanded_structures:pure_corruption_block":1,"minecraft:mossy_cobblestone":6,"expanded_structures:corrupted_trap_door":1,"graveyard:upper_bone_staff":2,"minecraft:light_gray_concrete":2,"minecraft:light_gray_terracotta":1,"minecraft:yellow_carpet":1,"duneons:hoglinskull":2,"twilightforest:mayapple":2,"securitycraft:reinforced_blue_concrete":1,"minecraft:diamond":1,"minecraft:polished_blackstone_button":12,"minecraft:golden_apple":1,"minecraft:white_concrete":4,"minecraft:emerald":34,"minecraft:oak_sapling":15,"minecraft:andesite_slab":2,"duneons:highlandberries":15,"minecraft:ladder":2,"duneons:sanctumstone":1,"minecraft:wooden_pickaxe":1,"minecraft:gold_block":5,"minecraft:chain":1,"minecraft:iron_axe":1,"minecraft:item_frame":2,"minecraft:lectern":1,"minecraft:sugar_cane":33,"minecraft:spruce_trapdoor":11,"duneons:sawstone":4,"minecraft:phantom_membrane":1,"minecraft:raw_iron":3,"expanded_structures:corrupted_doubloon":1,"minecraft:copper_ingot":1,"minecraft:flowering_azalea_leaves":1,"minecraft:note_block":15,"duneons:bigwellwater":1,"minecraft:quartz_pillar":1,"minecraft:stone_button":8,"minecraft:stone_pressure_plate":2,"minecraft:arrow":51,"minecraft:black_banner":1,"aether:purple_flower":1,"born_in_chaos_v1:fused_bone":2,"born_in_chaos_v1:corpse_maggot":16,"travelersbackpack:melon":1,"minecraft:leather":33,"minecraft:birch_planks":3,"minecraft:granite_stairs":1,"minecraft:yellow_bed":1,"minecraft:gunpowder":8,"minecraft:piglin_head":1,"minecraft:iron_ingot":9,"securitycraft:universal_block_reinforcer_lvl1":1,"expanded_structures:refined_brick":3,"minecraft:polished_andesite_slab":2,"minecraft:book":217,"duneons:rewardstotem":1,"minecraft:emerald_block":28,"minecraft:pitcher_plant":1,"minecraft:dandelion":1,"duneons:spookysword":2,"alexsmobs:lava_bottle":1,"minecraft:red_banner":1,"minecraft:blast_furnace":4,"minecraft:green_carpet":1,"minecraft:spider_eye":5,"duneons:teapot":1,"minecraft:gray_banner":1,"duneons:featherblue":2,"expanded_structures:sandy_refined_brick":2,"minecraft:iron_helmet":8,"minecraft:mossy_cobblestone_stairs":2,"securitycraft:door_indestructible_iron_item":3,"minecraft:coal":145},"minecraft:used":{"minecraft:moss_block":24,"expanded_structures:refined_brick":3,"minecraft:writable_book":2,"minecraft:jack_o_lantern":2,"minecraft:smooth_quartz_slab":306,"minecraft:dead_horn_coral_block":8,"minecraft:dispenser":4,"minecraft:spruce_slab":560,"minecraft:ladder":5,"minecraft:chest":41,"minecraft:stone":1165,"minecraft:warped_sign":33,"minecraft:lily_of_the_valley":1,"securitycraft:keypad_item":4,"minecraft:blue_stained_glass":327,"minecraft:brick_slab":5,"minecraft:jungle_slab":7,"minecraft:allium":1,"minecraft:orange_wool":1,"minecraft:deepslate_brick_slab":3,"minecraft:stripped_spruce_log":138,"duneons:spideregg":1,"minecraft:lava_bucket":31,"minecraft:villager_spawn_egg":21,"minecraft:quartz_pillar":43,"minecraft:black_stained_glass_pane":132,"minecraft:red_wool":4,"minecraft:grass_block":25916,"minecraft:orange_shulker_box":2,"minecraft:diorite_wall":36,"minecraft:pink_wool":2,"minecraft:stone_brick_stairs":16,"minecraft:red_stained_glass_pane":881,"born_in_chaos_v1:fired_black_argillite":2,"minecraft:bow":70,"duneons:sawstone":3,"minecraft:furnace":7,"minecraft:cooked_cod":1,"minecraft:acacia_fence":1,"minecraft:egg":6,"minecraft:green_stained_glass_pane":21,"minecraft:emerald_ore":11,"slabsexpanded:white_concrete_slab":3493,"minecraft:mossy_stone_bricks":2,"minecraft:diorite":402,"securitycraft:door_indestructible_iron_item":6,"securitycraft:keypad_frame":1,"minecraft:leather_chestplate":57,"minecraft:jungle_pressure_plate":6,"minecraft:composter":2,"minecraft:smooth_quartz_stairs":74,"minecraft:oak_leaves":1,"aether:skyroot_leaves":3,"minecraft:golden_apple":33,"minecraft:glow_berries":30,"minecraft:blast_furnace":10,"securitycraft:universal_block_remover":4,"minecraft:purple_terracotta":25,"minecraft:chiseled_quartz_block":98,"minecraft:gray_concrete":222,"minecraft:deepslate_brick_stairs":1,"minecraft:lightning_rod":2,"mcwfences:mangrove_hedge":3,"minecraft:crying_obsidian":2,"minecraft:mangrove_door":5,"minecraft:birch_slab":93,"minecraft:cyan_carpet":3,"minecraft:stone_button":6,"minecraft:verdant_froglight":2,"minecraft:lectern":4,"minecraft:cherry_sign":18,"minecraft:flowering_azalea_leaves":421,"duneons:hoglinskull":1,"minecraft:diamond_sword":829,"graveyard:upper_bone_staff":1,"cfm:azalea_hedge":446,"minecraft:smithing_table":4,"minecraft:purple_wool":3,"minecraft:oak_trapdoor":16,"expanded_structures:white_light":3256,"minecraft:iron_bars":54,"alexsmobs:rainbow_glass":15,"toughasnails:water_purifier":2,"minecraft:red_concrete":754,"minecraft:armor_stand":2,"mcwdoors:metal_reinforced_door":3,"mcwtrpdoors:jungle_classic_trapdoor":1,"minecraft:mangrove_fence":2,"cfm:rock_path":397,"minecraft:torch":447,"minecraft:brewing_stand":4,"minecraft:anvil":10,"minecraft:target":2,"slabsexpanded:red_concrete_slab":54,"duneons:dungeonscharredcobblestoneslab":1,"minecraft:yellow_carpet":1,"minecraft:dead_brain_coral_block":13,"minecraft:blue_concrete":1332,"minecraft:polished_diorite":42,"minecraft:flowering_azalea":19,"minecraft:sea_lantern":1104,"minecraft:chipped_anvil":1,"cfm:flowering_azalea_hedge":394,"minecraft:smooth_quartz":97,"born_in_chaos_v1:orange_stained_glass_panel":1,"minecraft:barrel":6,"minecraft:diamond_chestplate":47,"minecraft:glowstone":142,"minecraft:magenta_wool":5,"minecraft:beef":21,"minecraft:observer":4,"minecraft:pointed_dripstone":5,"minecraft:calcite":768,"minecraft:water_bucket":242,"minecraft:birch_planks":4972,"minecraft:cartography_table":2,"minecraft:lime_wool":2,"duneons:palmlog":182,"minecraft:cauldron":2,"minecraft:fletching_table":2,"minecraft:spruce_fence_gate":2,"minecraft:cracked_stone_bricks":1,"minecraft:gilded_blackstone":3,"slabsexpanded:slabs_block":17,"born_in_chaos_v1:black_argillite_brick_stairs":2,"minecraft:rail":5,"minecraft:light_gray_banner":2,"minecraft:comparator":2,"minecraft:tnt":95,"minecraft:oak_slab":27,"minecraft:crafting_table":13,"minecraft:red_bed":3,"securitycraft:reinforced_blue_concrete":2,"minecraft:white_bed":1,"duneons:burned_planks":1,"minecraft:spruce_log":14,"minecraft:mushroom_stem":17,"minecraft:amethyst_cluster":2,"minecraft:blue_stained_glass_pane":1527,"securitycraft:display_case":2,"minecraft:diamond_pickaxe":658,"minecraft:oxeye_daisy":2,"minecraft:warped_trapdoor":6,"minecraft:diamond_shovel":951,"minecraft:stripped_jungle_log":360,"minecraft:iron_pickaxe":124,"minecraft:suspicious_stew":2,"minecraft:spruce_pressure_plate":4,"duneons:leaverpalm":28,"minecraft:spruce_trapdoor":687,"minecraft:crimson_sign":2,"minecraft:green_carpet":1,"minecraft:cobblestone":330,"minecraft:azalea_leaves":14,"minecraft:potion":243,"minecraft:orange_banner":1,"travelersbackpack:standard":41,"securitycraft:reinforced_white_concrete":2,"minecraft:cooked_porkchop":12,"minecraft:porkchop":1,"minecraft:warped_fence_gate":4,"toughasnails:purified_water_canteen":40,"minecraft:glass_pane":248,"minecraft:diamond_leggings":1,"minecraft:jukebox":2,"mcwtrpdoors:spruce_swamp_trapdoor":4,"minecraft:light_blue_banner":1,"slabsexpanded:blue_concrete_slab":621,"minecraft:iron_shovel":1,"duneons:dunglass2":83,"minecraft:oak_sign":15,"minecraft:decorated_pot":3,"minecraft:white_terracotta":13,"minecraft:iron_sword":33,"minecraft:zombie_spawn_egg":9,"minecraft:stripped_jungle_wood":172,"minecraft:bell":2,"mcwdoors:sliding_glass_door":4,"minecraft:soul_campfire":2,"minecraft:iron_chestplate":9,"duneons:dungeoncactus":2,"minecraft:white_candle":8,"mcwdoors:garage_white_door":87,"slabsexpanded:glass_slab":7,"minecraft:jungle_planks":4118,"minecraft:carrot":1,"mcwwindows:white_mosaic_glass_pane":9,"minecraft:music_disc_13":1,"minecraft:milk_bucket":2,"minecraft:big_dripleaf":2,"minecraft:glass":238,"minecraft:bricks":68,"minecraft:coal_ore":83,"minecraft:lantern":428,"minecraft:stone_bricks":633,"minecraft:repeater":2,"minecraft:magma_block":2,"minecraft:scaffolding":2,"minecraft:polished_diorite_stairs":385,"minecraft:pearlescent_froglight":3,"minecraft:stripped_spruce_wood":4,"minecraft:mangrove_leaves":3,"minecraft:end_rod":111,"minecraft:dropper":5,"minecraft:stripped_acacia_log":735,"minecraft:oak_planks":975,"minecraft:polished_diorite_slab":1954,"minecraft:diamond_axe":537,"minecraft:blue_bed":10,"toughasnails:water_canteen":67,"travelersbackpack:blue_sleeping_bag":5,"graveyard:small_light_gray_urn":1,"minecraft:loom":2,"minecraft:black_banner":1,"duneons:sanctumstone":1,"minecraft:light_gray_terracotta":1,"minecraft:sponge":3,"minecraft:stone_brick_wall":13,"minecraft:note_block":2,"minecraft:ochre_froglight":2,"minecraft:redstone_torch":2,"minecraft:blue_glazed_terracotta":2,"minecraft:lever":11,"minecraft:green_concrete":61,"born_in_chaos_v1:scorched_planks_button":2,"minecraft:heavy_weighted_pressure_plate":3,"minecraft:daylight_detector":2,"minecraft:bread":116,"minecraft:dark_oak_log":2,"minecraft:light_gray_concrete":216,"minecraft:brown_wool":1,"minecraft:deepslate":360,"minecraft:gravel":2,"minecraft:chainmail_boots":1,"minecraft:grindstone":2,"minecraft:andesite":3269,"minecraft:chain":15,"minecraft:smooth_stone_slab":3,"minecraft:air":5,"minecraft:white_concrete":17393,"minecraft:warped_button":4,"duneons:highlandberries":7,"minecraft:cobweb":13,"minecraft:experience_bottle":16,"minecraft:azalea":5,"minecraft:netherite_sword":52,"minecraft:jungle_leaves":6,"minecraft:rose_bush":2,"minecraft:flint_and_steel":8,"minecraft:redstone_ore":2,"minecraft:redstone":4,"minecraft:spruce_planks":4112,"securitycraft:keypad_door_item":1,"duneons:dungeonscharreddirt":3,"minecraft:dirt":765,"mcwfences:azalea_hedge":5,"minecraft:hopper":82,"toughasnails:empty_canteen":11,"minecraft:spruce_stairs":22,"minecraft:diamond_helmet":1,"minecraft:bee_nest":2,"mcwtrpdoors:spruce_glass_trapdoor":14,"mcwtrpdoors:spruce_classic_trapdoor":159,"minecraft:spruce_fence":416,"minecraft:bookshelf":5,"minecraft:waxed_cut_copper":2,"minecraft:acacia_slab":25,"minecraft:iron_boots":2,"minecraft:golden_carrot":1,"minecraft:emerald_block":2,"minecraft:minecart":2,"minecraft:stone_pressure_plate":2,"duneons:bigwellwater":1,"minecraft:quartz_bricks":9,"duneons:statue":1,"minecraft:glass_bottle":238,"minecraft:blue_wool":1,"minecraft:andesite_slab":222,"minecraft:iron_golem_spawn_egg":2,"slabsexpanded:quartz_pillar_slab":441,"minecraft:black_shulker_box":4,"minecraft:stonecutter":3,"toughasnails:rain_collector":8,"minecraft:dead_fire_coral_block":10,"minecraft:bamboo_block":3,"minecraft:yellow_stained_glass_pane":2,"minecraft:smoker":3,"minecraft:flower_pot":12,"minecraft:acacia_stairs":4,"minecraft:netherite_axe":7,"minecraft:jungle_stairs":2,"mcwdoors:garage_silver_door":28,"nfm:castle_netting":28,"minecraft:yellow_wool":2,"duneons:broom":1,"toughasnails:purified_water_bottle":2,"minecraft:white_banner":2,"expanded_structures:corrupted_trap_door":1,"minecraft:bucket":112,"minecraft:red_banner":1,"minecraft:pumpkin_pie":1,"minecraft:polished_blackstone_button":20,"alexsmobs:animal_dictionary":1,"minecraft:soul_torch":2},"minecraft:broken":{"minecraft:diamond_pickaxe":1,"aether:iron_gloves":1,"toughasnails:water_canteen":5,"toughasnails:purified_water_canteen":8},"minecraft:custom":{"minecraft:interact_with_crafting_table":116,"minecraft:open_barrel":124,"minecraft:bell_ring":6,"minecraft:eat_cake_slice":2,"minecraft:leave_game":51,"minecraft:time_since_death":4218135,"minecraft:play_time":4218135,"minecraft:jump":13403,"minecraft:interact_with_furnace":128,"minecraft:play_record":1,"minecraft:traded_with_villager":129,"minecraft:interact_with_cartography_table":2,"minecraft:sleep_in_bed":42,"minecraft:damage_dealt":58010,"minecraft:interact_with_smoker":7,"minecraft:use_cauldron":5,"minecraft:inspect_dispenser":1,"minecraft:horse_one_cm":12680,"minecraft:interact_with_smithing_table":6,"minecraft:interact_with_anvil":11,"minecraft:inspect_hopper":14,"minecraft:sneak_time":125789,"minecraft:interact_with_blast_furnace":105,"minecraft:total_world_time":4218135,"minecraft:tune_noteblock":138,"minecraft:interact_with_stonecutter":2,"minecraft:time_since_rest":78418,"minecraft:swim_one_cm":186591,"minecraft:fly_one_cm":28576070,"minecraft:open_chest":642,"minecraft:fall_one_cm":219390,"minecraft:open_shulker_box":44,"minecraft:sprint_one_cm":2724585,"minecraft:drop":403,"minecraft:play_noteblock":28,"minecraft:talked_to_villager":113,"minecraft:interact_with_brewingstand":1,"minecraft:walk_on_water_one_cm":112456,"minecraft:crouch_one_cm":204489,"minecraft:mob_kills":315,"minecraft:damage_dealt_resisted":1587,"minecraft:climb_one_cm":5511,"minecraft:walk_one_cm":3511589,"minecraft:walk_under_water_one_cm":117751,"minecraft:raid_trigger":15,"minecraft:pot_flower":12,"minecraft:damage_taken":6287,"minecraft:damage_absorbed":613}},"DataVersion":3465}