{"stats":{"minecraft:mined":{"minecraft:spruce_planks":2,"minecraft:light_gray_stained_glass_pane":1,"travelersbackpack:blue_sleeping_bag":5,"minecraft:cobbled_deepslate_slab":2,"minecraft:redstone_wire":3,"minecraft:spruce_leaves":2,"minecraft:spawner":2,"minecraft:hay_block":2,"graveyard:wither_skull_with_rib_cage":1,"minecraft:polished_blackstone_bricks":1,"minecraft:iron_ore":3,"minecraft:cobbled_deepslate":1,"graveyard:leaning_wither_skeleton":1,"minecraft:bookshelf":15,"minecraft:polished_deepslate_slab":4,"minecraft:iron_bars":3,"minecraft:stripped_acacia_log":1,"minecraft:potted_cornflower":1,"minecraft:stone":48,"minecraft:powder_snow":2,"graveyard:small_light_gray_urn":1,"minecraft:light_gray_terracotta":1,"minecraft:white_stained_glass_pane":1,"minecraft:cyan_bed":1,"minecraft:iron_door":2,"minecraft:white_terracotta":13,"minecraft:coarse_dirt":1,"graveyard:vase_block":7,"graveyard:wither_skeleton_hand":1,"minecraft:spruce_log":108,"graveyard:skull_pile":1,"minecraft:coal_ore":36,"minecraft:gravel":2,"minecraft:sand":12,"minecraft:dirt":1,"minecraft:cobweb":4,"minecraft:cracked_stone_bricks":1,"minecraft:oak_leaves":2,"minecraft:fern":3},"minecraft:picked_up":{"minecraft:flower_pot":1,"minecraft:potion":1,"minecraft:chain":1,"minecraft:cornflower":2,"minecraft:string":4,"minecraft:diamond_leggings":1,"minecraft:spruce_planks":1,"minecraft:spruce_slab":5,"minecraft:stick":20,"minecraft:raw_iron":3,"minecraft:polished_deepslate_slab":3,"born_in_chaos_v1:pieceofdarkmetal":2,"minecraft:redstone":3,"minecraft:stone_sword":2,"minecraft:rotten_flesh":11,"minecraft:arrow":1,"minecraft:diamond_chestplate":2,"minecraft:hay_block":2,"minecraft:gold_ingot":3,"minecraft:white_terracotta":13,"minecraft:cobblestone":48,"born_in_chaos_v1:corpse_maggot":1,"minecraft:iron_door":2,"graveyard:small_light_gray_urn":1,"minecraft:bone":19,"minecraft:wheat_seeds":4,"minecraft:cobbled_deepslate_slab":2,"minecraft:glass_bottle":1,"minecraft:moss_block":1,"minecraft:iron_sword":1,"minecraft:book":45,"born_in_chaos_v1:ethereal_spirit":1,"minecraft:gravel":2,"minecraft:sand":12,"minecraft:stripped_spruce_log":1,"travelersbackpack:blue_sleeping_bag":5,"minecraft:spruce_sapling":5,"minecraft:spruce_log":105,"minecraft:cyan_bed":1,"minecraft:stripped_acacia_log":1,"minecraft:light_gray_terracotta":1,"minecraft:coal":90},"minecraft:used":{"minecraft:moss_block":1,"minecraft:spruce_planks":1,"minecraft:white_terracotta":13,"minecraft:iron_sword":33,"minecraft:iron_chestplate":6,"minecraft:anvil":2,"minecraft:milk_bucket":1,"minecraft:iron_boots":1,"minecraft:diamond_chestplate":15,"minecraft:golden_carrot":1,"minecraft:furnace":1,"minecraft:water_bucket":14,"minecraft:glass_bottle":42,"minecraft:leather_chestplate":20,"minecraft:diamond_axe":125,"travelersbackpack:blue_sleeping_bag":5,"graveyard:small_light_gray_urn":1,"minecraft:crafting_table":3,"minecraft:light_gray_terracotta":1,"minecraft:spruce_log":11,"minecraft:flower_pot":1,"minecraft:diamond_pickaxe":2,"minecraft:bread":16,"minecraft:iron_pickaxe":124,"minecraft:gravel":2,"minecraft:diamond_sword":98,"minecraft:cobblestone":12,"minecraft:potion":42,"travelersbackpack:standard":2,"minecraft:cooked_porkchop":2,"minecraft:bucket":15,"minecraft:air":2,"minecraft:experience_bottle":16},"minecraft:dropped":{"minecraft:iron_ingot":2,"minecraft:bread":6,"minecraft:iron_sword":2,"minecraft:wheat_seeds":4,"minecraft:glass_bottle":1,"minecraft:feather":7,"minecraft:leather":1,"minecraft:coal":50,"minecraft:stick":16,"minecraft:flint":1,"minecraft:chain":1,"minecraft:string":1,"minecraft:spruce_sapling":4,"minecraft:stone_sword":2,"born_in_chaos_v1:ethereal_spirit":1,"minecraft:raw_iron":1,"minecraft:rotten_flesh":6,"minecraft:leather_chestplate":2,"minecraft:potato":9,"minecraft:diamond_chestplate":1,"minecraft:iron_chestplate":1,"minecraft:spruce_slab":5,"minecraft:glass":5,"minecraft:cyan_bed":1},"minecraft:crafted":{"minecraft:furnace":1,"minecraft:glass":17,"minecraft:diamond":36,"minecraft:chest":1,"minecraft:wheat":18,"minecraft:arrow":12,"minecraft:diamond_axe":1,"minecraft:crafting_table":3,"minecraft:spruce_planks":20,"travelersbackpack:backpack_tank":2,"travelersbackpack:standard":1,"minecraft:bucket":1,"travelersbackpack:blue_sleeping_bag":1,"minecraft:bread":10,"minecraft:air":0,"minecraft:blue_dye":2,"minecraft:stick":8,"minecraft:leather_chestplate":3,"minecraft:iron_ingot":14,"minecraft:iron_pickaxe":1,"minecraft:blue_wool":2,"minecraft:gold_ingot":9,"minecraft:acacia_planks":4},"minecraft:killed":{"born_in_chaos_v1:restless_spirit":3,"born_in_chaos_v1:maggot":1,"minecraft:skeleton":1,"graveyard:acolyte":27,"minecraft:zombie":4},"minecraft:custom":{"minecraft:mob_kills":36,"minecraft:interact_with_anvil":3,"minecraft:interact_with_crafting_table":13,"minecraft:open_barrel":30,"minecraft:leave_game":1,"minecraft:time_since_death":125564,"minecraft:climb_one_cm":547,"minecraft:sprint_one_cm":269194,"minecraft:walk_one_cm":231718,"minecraft:drop":42,"minecraft:talked_to_villager":1,"minecraft:play_time":125564,"minecraft:sneak_time":9222,"minecraft:walk_under_water_one_cm":13376,"minecraft:jump":1418,"minecraft:walk_on_water_one_cm":9601,"minecraft:total_world_time":125564,"minecraft:interact_with_furnace":21,"minecraft:tune_noteblock":3,"minecraft:sleep_in_bed":7,"minecraft:time_since_rest":5148,"minecraft:damage_taken":521,"minecraft:damage_dealt":8173,"minecraft:swim_one_cm":47650,"minecraft:fly_one_cm":269958,"minecraft:open_chest":45,"minecraft:crouch_one_cm":22405,"minecraft:interact_with_smoker":4,"minecraft:fall_one_cm":26303,"minecraft:use_cauldron":3}},"DataVersion":3465}