{"stats":{"minecraft:mined":{"minecraft:hay_block":2,"minecraft:stripped_acacia_log":1,"minecraft:potted_cornflower":1,"minecraft:cyan_bed":1},"minecraft:picked_up":{"minecraft:stripped_acacia_log":1,"minecraft:flower_pot":1,"minecraft:hay_block":2,"minecraft:cyan_bed":1,"minecraft:cornflower":1,"minecraft:iron_sword":1},"minecraft:used":{"minecraft:anvil":1,"minecraft:crafting_table":1,"minecraft:bread":2},"minecraft:dropped":{"minecraft:leather_chestplate":1,"minecraft:iron_sword":1,"minecraft:cyan_bed":1},"minecraft:crafted":{"minecraft:blue_dye":2,"minecraft:arrow":12,"minecraft:acacia_planks":4,"minecraft:crafting_table":1,"minecraft:bread":7,"minecraft:leather_chestplate":2,"minecraft:wheat":18},"minecraft:custom":{"minecraft:time_since_rest":17564,"minecraft:open_chest":19,"minecraft:crouch_one_cm":3419,"minecraft:sprint_one_cm":72502,"minecraft:play_time":17564,"minecraft:walk_one_cm":45060,"minecraft:sneak_time":1281,"minecraft:walk_under_water_one_cm":20,"minecraft:interact_with_anvil":2,"minecraft:drop":3,"minecraft:jump":134,"minecraft:leave_game":1,"minecraft:time_since_death":17564,"minecraft:walk_on_water_one_cm":213,"minecraft:total_world_time":17564,"minecraft:interact_with_crafting_table":2,"minecraft:fall_one_cm":1312,"minecraft:tune_noteblock":3,"minecraft:fly_one_cm":38816}},"DataVersion":3465}