{"stats":{"minecraft:killed":{"born_in_chaos_v1:restless_spirit":3,"graveyard:revenant":1,"minecraft:spider":2,"born_in_chaos_v1:maggot":5,"minecraft:skeleton":14,"graveyard:acolyte":27,"duneons:vangruardskeleton":2,"minecraft:zombie_villager":1,"born_in_chaos_v1:decrepit_skeleton":2,"minecraft:sheep":2,"minecraft:zombie":13,"born_in_chaos_v1:nightmare_stalker":1},"minecraft:used":{"minecraft:moss_block":1,"minecraft:iron_bars":5,"minecraft:rose_bush":2,"minecraft:redstone":2,"minecraft:spruce_planks":254,"minecraft:white_terracotta":13,"minecraft:iron_sword":33,"minecraft:iron_chestplate":6,"minecraft:dirt":1,"minecraft:anvil":2,"duneons:dungeonscharredcobblestoneslab":1,"minecraft:deepslate_brick_slab":3,"minecraft:music_disc_13":1,"duneons:spideregg":1,"minecraft:milk_bucket":2,"minecraft:iron_boots":2,"minecraft:diamond_chestplate":40,"minecraft:golden_carrot":1,"minecraft:furnace":2,"minecraft:water_bucket":55,"minecraft:glass_bottle":108,"minecraft:leather_chestplate":45,"minecraft:diamond_axe":208,"minecraft:golden_apple":3,"travelersbackpack:blue_sleeping_bag":5,"graveyard:small_light_gray_urn":1,"minecraft:crafting_table":4,"minecraft:blast_furnace":2,"duneons:sanctumstone":1,"minecraft:light_gray_terracotta":1,"minecraft:deepslate_brick_stairs":1,"minecraft:spruce_log":11,"minecraft:diamond_pickaxe":135,"minecraft:flower_pot":1,"minecraft:iron_pickaxe":124,"minecraft:bread":42,"minecraft:gravel":2,"minecraft:diamond_sword":251,"graveyard:upper_bone_staff":1,"travelersbackpack:standard":17,"minecraft:cobblestone":22,"minecraft:white_banner":1,"minecraft:potion":110,"minecraft:smithing_table":1,"minecraft:cooked_porkchop":6,"minecraft:bucket":62,"minecraft:air":2,"minecraft:experience_bottle":16},"minecraft:crafted":{"minecraft:smooth_stone":3,"minecraft:oak_planks":4,"minecraft:coal":18,"travelersbackpack:crafting_upgrade":1,"minecraft:furnace":2,"minecraft:blast_furnace":1,"minecraft:stone":3,"travelersbackpack:blank_upgrade":4,"travelersbackpack:gold_tier_upgrade":1,"minecraft:glass":29,"minecraft:diamond":36,"minecraft:chest":2,"minecraft:wheat":18,"travelersbackpack:diamond_tier_upgrade":1,"minecraft:coal_block":11,"travelersbackpack:iron_tier_upgrade":1,"minecraft:arrow":12,"minecraft:diamond_axe":1,"minecraft:crafting_table":5,"minecraft:spruce_planks":284,"travelersbackpack:backpack_tank":4,"travelersbackpack:standard":2,"minecraft:raw_gold_block":6,"minecraft:smithing_table":1,"minecraft:gold_block":39,"minecraft:bucket":1,"travelersbackpack:blue_sleeping_bag":1,"minecraft:bread":63,"minecraft:air":0,"minecraft:blue_dye":66,"minecraft:golden_apple":48,"minecraft:raw_gold":684,"minecraft:stick":16,"minecraft:iron_ingot":14,"minecraft:leather_chestplate":3,"minecraft:iron_pickaxe":1,"minecraft:blue_wool":2,"minecraft:gold_ingot":735,"minecraft:acacia_planks":4},"minecraft:dropped":{"minecraft:iron_ingot":2,"minecraft:bread":6,"minecraft:iron_sword":2,"minecraft:wheat_seeds":16,"minecraft:glass_bottle":2,"minecraft:mossy_cobblestone":1,"minecraft:diamond":4,"minecraft:cooked_porkchop":19,"minecraft:iron_helmet":1,"minecraft:feather":7,"duneons:highblockhallsdoor":1,"minecraft:leather":2,"minecraft:cracked_stone_bricks":4,"minecraft:golden_apple":9,"minecraft:coal":52,"minecraft:stick":24,"minecraft:flint":1,"minecraft:redstone_lamp":1,"minecraft:stone_button":2,"minecraft:torch":1,"minecraft:mutton":3,"duneons:dungeonscharredcobblestone":2,"minecraft:chain":1,"minecraft:mossy_cobblestone_stairs":1,"minecraft:string":2,"minecraft:white_wool":2,"minecraft:dandelion":1,"minecraft:spruce_sapling":4,"minecraft:gold_ingot":6,"minecraft:redstone":3,"expanded_structures:ender_shard":1,"minecraft:lever":2,"minecraft:stone_sword":2,"born_in_chaos_v1:ethereal_spirit":1,"minecraft:raw_iron":1,"minecraft:rotten_flesh":10,"minecraft:oak_planks":1,"minecraft:diamond_sword":1,"minecraft:poppy":1,"minecraft:leather_chestplate":2,"minecraft:potato":9,"minecraft:cobblestone_slab":1,"minecraft:flower_pot":2,"minecraft:gunpowder":6,"minecraft:diamond_chestplate":1,"minecraft:spruce_trapdoor":1,"minecraft:iron_chestplate":1,"minecraft:mossy_stone_bricks":8,"born_in_chaos_v1:corpse_maggot":2,"minecraft:stone_bricks":6,"minecraft:spruce_slab":5,"minecraft:arrow":7,"minecraft:bow":1,"minecraft:glass":5,"minecraft:stone_brick_stairs":1,"minecraft:cyan_bed":1},"minecraft:custom":{"minecraft:interact_with_smithing_table":3,"minecraft:interact_with_anvil":3,"minecraft:mob_kills":73,"minecraft:interact_with_crafting_table":43,"minecraft:open_barrel":43,"minecraft:open_shulker_box":1,"minecraft:damage_dealt_resisted":30,"minecraft:leave_game":7,"minecraft:time_since_death":333995,"minecraft:climb_one_cm":2996,"minecraft:sprint_one_cm":669200,"minecraft:walk_one_cm":631425,"minecraft:drop":116,"minecraft:talked_to_villager":2,"minecraft:play_time":333995,"minecraft:sneak_time":27767,"minecraft:walk_under_water_one_cm":30172,"minecraft:jump":3555,"minecraft:interact_with_blast_furnace":66,"minecraft:total_world_time":333995,"minecraft:walk_on_water_one_cm":27085,"minecraft:interact_with_furnace":31,"minecraft:play_record":1,"minecraft:tune_noteblock":7,"minecraft:sleep_in_bed":14,"minecraft:time_since_rest":66290,"minecraft:damage_absorbed":40,"minecraft:damage_taken":1440,"minecraft:damage_dealt":15939,"minecraft:swim_one_cm":54606,"minecraft:fly_one_cm":724555,"minecraft:crouch_one_cm":70026,"minecraft:open_chest":123,"minecraft:interact_with_smoker":5,"minecraft:fall_one_cm":65059,"minecraft:use_cauldron":3,"minecraft:inspect_dispenser":1},"minecraft:mined":{"minecraft:red_carpet":1,"minecraft:spruce_planks":33,"minecraft:light_gray_stained_glass_pane":1,"minecraft:mossy_cobblestone":2,"minecraft:cobbled_deepslate_stairs":5,"minecraft:brewing_stand":1,"duneons:charredstone":2,"travelersbackpack:blue_sleeping_bag":5,"minecraft:spruce_trapdoor":1,"minecraft:cobbled_deepslate_slab":12,"minecraft:grass_block":1,"minecraft:redstone_wire":4,"minecraft:coal_block":4,"minecraft:spruce_leaves":2,"minecraft:mud_bricks":7,"minecraft:spawner":11,"minecraft:deepslate_brick_slab":10,"minecraft:black_stained_glass_pane":2,"minecraft:hay_block":2,"graveyard:wither_skull_with_rib_cage":1,"minecraft:polished_blackstone_bricks":1,"minecraft:packed_mud":1,"minecraft:furnace":1,"minecraft:mossy_cobblestone_stairs":1,"minecraft:raw_gold_block":6,"minecraft:iron_ore":3,"minecraft:potted_torchflower":1,"minecraft:fire":4,"minecraft:cobbled_deepslate":1,"graveyard:leaning_wither_skeleton":1,"graveyard:upper_bone_staff":3,"minecraft:stripped_spruce_log":4,"minecraft:gold_block":4,"expanded_structures:incidious_stump":1,"minecraft:bookshelf":56,"minecraft:cobblestone_slab":1,"minecraft:polished_deepslate_slab":4,"minecraft:iron_bars":10,"minecraft:deepslate_brick_stairs":5,"minecraft:stripped_acacia_log":1,"minecraft:potted_cornflower":1,"minecraft:stone":53,"minecraft:spruce_slab":1,"duneons:statue":2,"minecraft:orange_terracotta":1,"minecraft:piglin_head":1,"minecraft:red_banner":1,"minecraft:powder_snow":2,"graveyard:small_light_gray_urn":1,"minecraft:cornflower":63,"minecraft:light_gray_terracotta":1,"minecraft:blast_furnace":1,"minecraft:calcite":2,"minecraft:white_stained_glass_pane":1,"minecraft:rose_bush":1,"minecraft:cobblestone":2,"minecraft:deepslate_coal_ore":1,"minecraft:cyan_bed":1,"minecraft:oak_planks":1,"minecraft:iron_door":2,"minecraft:light_blue_banner":1,"minecraft:white_terracotta":13,"minecraft:coarse_dirt":1,"graveyard:vase_block":9,"graveyard:wither_skeleton_hand":1,"twilightforest:potted_mangrove_sapling":1,"minecraft:spruce_log":108,"minecraft:black_wall_banner":1,"minecraft:birch_leaves":2,"minecraft:white_wall_banner":2,"graveyard:skull_pile":1,"minecraft:stone_brick_stairs":1,"minecraft:grass":12,"minecraft:coal_ore":51,"minecraft:oak_log":1,"minecraft:pitcher_crop":1,"minecraft:gravel":2,"minecraft:sand":24,"minecraft:dirt":2,"minecraft:cobweb":4,"minecraft:cracked_stone_bricks":8,"minecraft:stone_bricks":6,"minecraft:orange_wall_banner":1,"minecraft:mossy_stone_bricks":5,"minecraft:oak_leaves":9,"minecraft:redstone_lamp":1,"minecraft:fern":6},"minecraft:picked_up":{"duneons:highlandberries":15,"minecraft:flower_pot":3,"minecraft:redstone_lamp":1,"duneons:sanctumstone":1,"minecraft:diamond_sword":1,"minecraft:orange_banner":1,"minecraft:gold_block":4,"minecraft:potion":2,"minecraft:stone_brick_stairs":1,"minecraft:chain":1,"minecraft:brewing_stand":1,"duneons:highblockhallsdoor":1,"minecraft:cornflower":65,"minecraft:string":5,"minecraft:cracked_stone_bricks":4,"minecraft:diamond_leggings":1,"minecraft:spruce_planks":32,"minecraft:beef":3,"minecraft:rose_bush":2,"minecraft:cobblestone_slab":1,"minecraft:calcite":2,"minecraft:poppy":1,"minecraft:spruce_slab":7,"minecraft:coal_block":4,"minecraft:spruce_trapdoor":1,"minecraft:furnace":1,"minecraft:raw_iron":3,"minecraft:stick":28,"minecraft:polished_deepslate_slab":3,"expanded_structures:corrupted_doubloon":1,"minecraft:raw_gold_block":6,"minecraft:torch":1,"minecraft:stone_button":2,"born_in_chaos_v1:pieceofdarkmetal":2,"minecraft:redstone":5,"minecraft:stone_sword":2,"minecraft:arrow":20,"minecraft:rotten_flesh":15,"minecraft:diamond_chestplate":2,"minecraft:hay_block":2,"minecraft:gold_ingot":4,"minecraft:black_banner":1,"minecraft:white_terracotta":13,"minecraft:mutton":3,"minecraft:deepslate_brick_stairs":1,"duneons:statue":2,"minecraft:iron_bars":5,"minecraft:white_wool":2,"minecraft:cobblestone":55,"born_in_chaos_v1:corpse_maggot":3,"minecraft:mud_bricks":4,"minecraft:iron_door":2,"expanded_structures:ender_shard":1,"minecraft:torchflower":1,"graveyard:small_light_gray_urn":1,"minecraft:oak_log":1,"minecraft:gunpowder":6,"minecraft:dirt":1,"minecraft:white_banner":2,"minecraft:piglin_head":1,"minecraft:bone":36,"minecraft:light_blue_banner":1,"minecraft:stone_bricks":6,"minecraft:bow":1,"minecraft:wheat_seeds":16,"minecraft:deepslate_brick_slab":3,"minecraft:cobbled_deepslate_slab":3,"minecraft:mossy_stone_bricks":8,"minecraft:glass_bottle":1,"minecraft:moss_block":1,"twilightforest:mangrove_sapling":1,"expanded_structures:corrupted_log":6,"minecraft:oak_planks":1,"minecraft:iron_sword":1,"minecraft:book":158,"duneons:dungeonscharredcobblestone":2,"minecraft:cooked_porkchop":18,"minecraft:pitcher_plant":1,"minecraft:music_disc_13":1,"born_in_chaos_v1:ethereal_spirit":1,"minecraft:dandelion":1,"minecraft:gravel":2,"duneons:dungeonscharredcobblestoneslab":1,"minecraft:sand":24,"minecraft:spruce_sapling":5,"travelersbackpack:blue_sleeping_bag":5,"minecraft:stripped_spruce_log":5,"minecraft:red_banner":1,"minecraft:blast_furnace":1,"minecraft:spruce_log":105,"minecraft:cyan_bed":1,"minecraft:mossy_cobblestone":1,"graveyard:upper_bone_staff":2,"minecraft:stripped_acacia_log":1,"minecraft:light_gray_terracotta":1,"minecraft:lever":2,"duneons:spideregg":1,"minecraft:golden_apple":1,"minecraft:mossy_cobblestone_stairs":1,"minecraft:emerald":1,"minecraft:coal":106}},"DataVersion":3465}