{"stats":{"minecraft:dropped":{"minecraft:wheat_seeds":3,"minecraft:porkchop":1,"minecraft:cooked_chicken":3,"minecraft:stone_sword":1,"minecraft:glass_bottle":4,"duneons:highlandstone":1,"minecraft:oak_planks":16,"duneons:dungeonscharreddirt":3,"minecraft:stick":3,"duneons:highlandberries":22,"minecraft:leather_chestplate":2,"minecraft:mutton":3,"toughasnails:purified_water_bottle":1,"minecraft:brown_wool":2,"minecraft:bone_meal":1,"minecraft:sand":9,"minecraft:stone_pickaxe":1,"minecraft:beef":3,"minecraft:wooden_pickaxe":2,"minecraft:bone":1},"minecraft:crafted":{"minecraft:glass_bottle":3,"minecraft:oak_planks":116,"born_in_chaos_v1:smoked_fish":1,"alexsmobs:cooked_lobster_tail":2,"minecraft:crafting_table":3,"minecraft:wooden_pickaxe":1,"minecraft:furnace":2,"minecraft:stone_axe":1,"minecraft:bread":50,"minecraft:air":0,"minecraft:glass":3,"minecraft:iron_boots":1,"minecraft:stick":8,"born_in_chaos_v1:fried_maggot":1,"born_in_chaos_v1:smoked_flesh":9,"minecraft:leather_chestplate":3,"minecraft:stone_pickaxe":1,"minecraft:stone_sword":1,"minecraft:gold_ingot":4,"minecraft:wheat":144,"minecraft:smoker":1},"minecraft:killed":{"alexsmobs:lobster":7,"minecraft:spider":3,"born_in_chaos_v1:zombie_bruiser":1,"minecraft:creeper":1,"born_in_chaos_v1:maggot":1,"duneons:mountaineer":11,"born_in_chaos_v1:decrepit_skeleton":2,"minecraft:sheep":2,"minecraft:zombie":4,"minecraft:chicken":1,"duneons:pigchest":1,"born_in_chaos_v1:corpse_fly":2,"alexsmobs:fly":2,"born_in_chaos_v1:corpse_fish":1},"minecraft:mined":{"minecraft:smoker":3,"minecraft:orange_terracotta":1,"minecraft:crafting_table":1,"minecraft:acacia_log":1,"duneons:highlandstone":1,"duneons:highlandtallgrass":1,"duneons:gear":2,"minecraft:oak_planks":3,"minecraft:sugar_cane":1,"minecraft:sandstone":1,"minecraft:spawner":2,"minecraft:hay_block":17,"duneons:windorangebannerdown":1,"minecraft:grass":3,"minecraft:bookshelf":8,"minecraft:coal_ore":24,"minecraft:oak_log":33,"duneons:fan":2,"minecraft:sand":10,"duneons:highlandberrybushempty":1,"minecraft:orange_bed":2,"duneons:dungeonscharreddirt":8,"minecraft:stone":64,"minecraft:oak_leaves":2},"minecraft:used":{"minecraft:stone_sword":57,"minecraft:glass_bottle":33,"minecraft:stone_pickaxe":102,"minecraft:oak_planks":19,"minecraft:wooden_pickaxe":4,"born_in_chaos_v1:smoked_fish":1,"minecraft:leather_chestplate":1,"minecraft:sandstone":1,"minecraft:iron_sword":52,"duneons:dungeonscharreddirt":5,"born_in_chaos_v1:fried_maggot":1,"minecraft:orange_bed":1,"minecraft:sand":20,"minecraft:anvil":14,"duneons:strengthenironpickaxe":1,"minecraft:crafting_table":4,"minecraft:carrot":17,"duneons:goldchain":11,"minecraft:smoker":4,"alexsmobs:flying_fish":1,"born_in_chaos_v1:smoked_flesh":5,"alexsmobs:maggot":1,"duneons:gear":1,"alexsmobs:cooked_lobster_tail":2,"duneons:ravagergateiron":1,"minecraft:stone_axe":42,"minecraft:potion":32,"minecraft:oak_sapling":1,"toughasnails:purified_water_bottle":1,"minecraft:furnace":1,"duneons:fan":1,"duneons:windorangebannertop":1,"duneons:highlandberries":7},"minecraft:custom":{"minecraft:interact_with_furnace":9,"minecraft:interact_with_anvil":3,"minecraft:mob_kills":39,"minecraft:traded_with_villager":1,"minecraft:interact_with_crafting_table":14,"minecraft:open_barrel":15,"minecraft:bell_ring":2,"minecraft:leave_game":5,"minecraft:time_since_death":122300,"minecraft:climb_one_cm":2918,"minecraft:sleep_in_bed":3,"minecraft:time_since_rest":817,"minecraft:sprint_one_cm":170545,"minecraft:damage_taken":685,"minecraft:walk_one_cm":158125,"minecraft:drop":52,"minecraft:damage_dealt":6241,"minecraft:talked_to_villager":7,"minecraft:swim_one_cm":47016,"minecraft:fly_one_cm":175173,"minecraft:open_chest":31,"minecraft:crouch_one_cm":14448,"minecraft:play_time":122300,"minecraft:sneak_time":8298,"minecraft:walk_under_water_one_cm":23901,"minecraft:interact_with_brewingstand":1,"minecraft:jump":919,"minecraft:interact_with_blast_furnace":2,"minecraft:walk_on_water_one_cm":14707,"minecraft:total_world_time":122300,"minecraft:interact_with_smoker":15,"minecraft:fall_one_cm":16825},"minecraft:picked_up":{"duneons:dungeonscharreddirt":8,"born_in_chaos_v1:corpse_maggot":1,"minecraft:crafting_table":1,"minecraft:brown_wool":2,"minecraft:leather":2,"minecraft:wooden_pickaxe":1,"minecraft:smoker":3,"minecraft:oak_log":33,"minecraft:gunpowder":1,"duneons:gear":2,"minecraft:string":2,"duneons:windorangebannertop":1,"minecraft:bone":3,"duneons:goldchest":1,"minecraft:wheat_seeds":3,"minecraft:beef":3,"duneons:strengthenironpickaxe":1,"duneons:mountaineeraxeiron":1,"minecraft:glass_bottle":3,"minecraft:sugar_cane":3,"minecraft:oak_planks":18,"minecraft:book":24,"minecraft:stick":2,"minecraft:sandstone":1,"minecraft:porkchop":1,"minecraft:sand":12,"minecraft:orange_bed":2,"minecraft:rotten_flesh":9,"minecraft:hay_block":16,"minecraft:bone_meal":1,"minecraft:golden_apple":1,"duneons:highlandstone":1,"duneons:fan":2,"alexsmobs:maggot":1,"born_in_chaos_v1:rotten_fish":1,"minecraft:oak_sapling":1,"minecraft:mutton":3,"minecraft:coal":44,"alexsmobs:lobster_tail":2,"alexsmobs:flying_fish":1,"minecraft:cobblestone":68}},"DataVersion":3465}