{"stats":{"minecraft:killed":{"born_in_chaos_v1:restless_spirit":3,"graveyard:revenant":1,"minecraft:spider":2,"born_in_chaos_v1:maggot":5,"minecraft:skeleton":14,"graveyard:acolyte":27,"duneons:vangruardskeleton":2,"minecraft:zombie_villager":1,"born_in_chaos_v1:decrepit_skeleton":2,"minecraft:sheep":2,"minecraft:zombie":11,"born_in_chaos_v1:nightmare_stalker":1},"minecraft:used":{"minecraft:moss_block":1,"minecraft:rose_bush":2,"minecraft:spruce_planks":254,"minecraft:white_terracotta":13,"minecraft:iron_sword":33,"minecraft:iron_chestplate":6,"minecraft:anvil":2,"minecraft:deepslate_brick_slab":3,"duneons:spideregg":1,"minecraft:milk_bucket":2,"minecraft:iron_boots":2,"minecraft:diamond_chestplate":36,"minecraft:golden_carrot":1,"minecraft:furnace":2,"minecraft:water_bucket":40,"minecraft:glass_bottle":97,"minecraft:leather_chestplate":41,"minecraft:diamond_axe":208,"minecraft:golden_apple":3,"travelersbackpack:blue_sleeping_bag":5,"graveyard:small_light_gray_urn":1,"minecraft:crafting_table":4,"minecraft:blast_furnace":1,"duneons:sanctumstone":1,"minecraft:light_gray_terracotta":1,"minecraft:deepslate_brick_stairs":1,"minecraft:spruce_log":11,"minecraft:flower_pot":1,"minecraft:diamond_pickaxe":99,"minecraft:bread":42,"minecraft:iron_pickaxe":124,"minecraft:gravel":2,"minecraft:diamond_sword":241,"minecraft:cobblestone":12,"minecraft:potion":99,"travelersbackpack:standard":11,"minecraft:smithing_table":1,"minecraft:cooked_porkchop":3,"minecraft:bucket":47,"minecraft:air":2,"minecraft:experience_bottle":16},"minecraft:crafted":{"minecraft:smooth_stone":3,"minecraft:oak_planks":4,"minecraft:coal":18,"minecraft:furnace":2,"minecraft:blast_furnace":1,"minecraft:stone":3,"minecraft:glass":17,"minecraft:diamond":36,"minecraft:chest":1,"minecraft:wheat":18,"minecraft:arrow":12,"minecraft:diamond_axe":1,"minecraft:crafting_table":4,"minecraft:spruce_planks":284,"travelersbackpack:backpack_tank":2,"travelersbackpack:standard":1,"minecraft:raw_gold_block":6,"minecraft:smithing_table":1,"minecraft:gold_block":18,"minecraft:bucket":1,"travelersbackpack:blue_sleeping_bag":1,"minecraft:bread":63,"minecraft:air":0,"minecraft:blue_dye":66,"minecraft:raw_gold":198,"minecraft:stick":16,"minecraft:iron_ingot":14,"minecraft:leather_chestplate":3,"minecraft:iron_pickaxe":1,"minecraft:blue_wool":2,"minecraft:gold_ingot":153,"minecraft:acacia_planks":4},"minecraft:dropped":{"minecraft:iron_ingot":2,"minecraft:bread":6,"minecraft:iron_sword":2,"minecraft:wheat_seeds":16,"minecraft:glass_bottle":2,"minecraft:cooked_porkchop":18,"minecraft:feather":7,"minecraft:iron_helmet":1,"duneons:highblockhallsdoor":1,"minecraft:leather":1,"minecraft:coal":50,"minecraft:golden_apple":2,"minecraft:stick":24,"minecraft:flint":1,"minecraft:stone_button":2,"minecraft:torch":1,"minecraft:mutton":3,"minecraft:chain":1,"minecraft:string":2,"minecraft:white_wool":2,"minecraft:spruce_sapling":4,"minecraft:dandelion":1,"minecraft:gold_ingot":6,"minecraft:redstone":3,"expanded_structures:ender_shard":1,"minecraft:stone_sword":2,"born_in_chaos_v1:ethereal_spirit":1,"minecraft:raw_iron":1,"minecraft:rotten_flesh":10,"minecraft:oak_planks":1,"minecraft:poppy":1,"minecraft:leather_chestplate":2,"minecraft:cobblestone_slab":1,"minecraft:potato":9,"minecraft:diamond_chestplate":1,"minecraft:spruce_trapdoor":1,"minecraft:iron_chestplate":1,"born_in_chaos_v1:corpse_maggot":2,"minecraft:spruce_slab":5,"minecraft:bow":1,"minecraft:glass":5,"minecraft:stone_brick_stairs":1,"minecraft:cyan_bed":1},"minecraft:custom":{"minecraft:interact_with_smithing_table":1,"minecraft:interact_with_anvil":3,"minecraft:mob_kills":71,"minecraft:interact_with_crafting_table":28,"minecraft:open_barrel":43,"minecraft:open_shulker_box":1,"minecraft:damage_dealt_resisted":30,"minecraft:leave_game":5,"minecraft:time_since_death":275475,"minecraft:climb_one_cm":2996,"minecraft:sprint_one_cm":586153,"minecraft:walk_one_cm":509704,"minecraft:drop":78,"minecraft:talked_to_villager":2,"minecraft:play_time":275475,"minecraft:sneak_time":23752,"minecraft:walk_under_water_one_cm":25019,"minecraft:jump":3359,"minecraft:interact_with_blast_furnace":33,"minecraft:walk_on_water_one_cm":21334,"minecraft:total_world_time":275475,"minecraft:interact_with_furnace":25,"minecraft:tune_noteblock":7,"minecraft:sleep_in_bed":14,"minecraft:time_since_rest":7770,"minecraft:damage_absorbed":40,"minecraft:damage_taken":1336,"minecraft:damage_dealt":15301,"minecraft:swim_one_cm":54298,"minecraft:fly_one_cm":696655,"minecraft:crouch_one_cm":55405,"minecraft:open_chest":95,"minecraft:interact_with_smoker":5,"minecraft:fall_one_cm":63668,"minecraft:use_cauldron":3,"minecraft:inspect_dispenser":1},"minecraft:mined":{"minecraft:spruce_planks":33,"minecraft:light_gray_stained_glass_pane":1,"minecraft:cobbled_deepslate_stairs":5,"minecraft:brewing_stand":1,"travelersbackpack:blue_sleeping_bag":5,"minecraft:spruce_trapdoor":1,"minecraft:cobbled_deepslate_slab":12,"minecraft:grass_block":1,"minecraft:redstone_wire":3,"minecraft:coal_block":2,"minecraft:spruce_leaves":2,"minecraft:mud_bricks":7,"minecraft:spawner":9,"minecraft:deepslate_brick_slab":10,"minecraft:hay_block":2,"graveyard:wither_skull_with_rib_cage":1,"minecraft:polished_blackstone_bricks":1,"minecraft:black_stained_glass_pane":2,"minecraft:packed_mud":1,"minecraft:furnace":1,"minecraft:raw_gold_block":6,"minecraft:iron_ore":3,"minecraft:cobbled_deepslate":1,"minecraft:fire":3,"graveyard:leaning_wither_skeleton":1,"graveyard:upper_bone_staff":1,"minecraft:stripped_spruce_log":4,"minecraft:gold_block":4,"expanded_structures:incidious_stump":1,"minecraft:bookshelf":54,"minecraft:cobblestone_slab":1,"minecraft:polished_deepslate_slab":4,"minecraft:iron_bars":4,"minecraft:deepslate_brick_stairs":5,"minecraft:stripped_acacia_log":1,"minecraft:potted_cornflower":1,"minecraft:stone":49,"minecraft:spruce_slab":1,"duneons:statue":2,"minecraft:piglin_head":1,"minecraft:red_banner":1,"minecraft:powder_snow":2,"graveyard:small_light_gray_urn":1,"minecraft:cornflower":63,"minecraft:light_gray_terracotta":1,"minecraft:blast_furnace":1,"minecraft:calcite":2,"minecraft:white_stained_glass_pane":1,"minecraft:rose_bush":1,"minecraft:cobblestone":1,"minecraft:deepslate_coal_ore":1,"minecraft:cyan_bed":1,"minecraft:oak_planks":1,"minecraft:iron_door":2,"minecraft:light_blue_banner":1,"minecraft:white_terracotta":13,"minecraft:coarse_dirt":1,"graveyard:vase_block":9,"graveyard:wither_skeleton_hand":1,"minecraft:spruce_log":108,"minecraft:black_wall_banner":1,"minecraft:birch_leaves":2,"minecraft:white_wall_banner":1,"graveyard:skull_pile":1,"minecraft:stone_brick_stairs":1,"minecraft:grass":12,"minecraft:oak_log":1,"minecraft:coal_ore":51,"minecraft:gravel":2,"minecraft:sand":12,"minecraft:dirt":2,"minecraft:cobweb":4,"minecraft:cracked_stone_bricks":4,"minecraft:stone_bricks":2,"minecraft:orange_wall_banner":1,"minecraft:oak_leaves":9,"minecraft:fern":6},"minecraft:picked_up":{"duneons:highlandberries":15,"minecraft:flower_pot":1,"duneons:sanctumstone":1,"minecraft:orange_banner":1,"minecraft:gold_block":4,"minecraft:potion":2,"minecraft:stone_brick_stairs":1,"minecraft:chain":1,"minecraft:brewing_stand":1,"duneons:highblockhallsdoor":1,"minecraft:cornflower":65,"minecraft:string":5,"minecraft:diamond_leggings":1,"minecraft:spruce_planks":32,"minecraft:beef":3,"minecraft:rose_bush":2,"minecraft:cobblestone_slab":1,"minecraft:calcite":2,"minecraft:poppy":1,"minecraft:spruce_slab":7,"minecraft:coal_block":2,"minecraft:spruce_trapdoor":1,"minecraft:furnace":1,"minecraft:stick":28,"minecraft:raw_iron":3,"minecraft:polished_deepslate_slab":3,"expanded_structures:corrupted_doubloon":1,"minecraft:raw_gold_block":6,"minecraft:torch":1,"minecraft:stone_button":2,"born_in_chaos_v1:pieceofdarkmetal":2,"minecraft:redstone":3,"minecraft:stone_sword":2,"minecraft:arrow":20,"minecraft:rotten_flesh":15,"minecraft:diamond_chestplate":2,"minecraft:hay_block":2,"minecraft:gold_ingot":3,"minecraft:black_banner":1,"minecraft:white_terracotta":13,"minecraft:deepslate_brick_stairs":1,"minecraft:mutton":3,"duneons:statue":2,"minecraft:white_wool":2,"minecraft:cobblestone":50,"born_in_chaos_v1:corpse_maggot":3,"minecraft:mud_bricks":4,"minecraft:iron_door":2,"expanded_structures:ender_shard":1,"graveyard:small_light_gray_urn":1,"minecraft:oak_log":1,"minecraft:white_banner":1,"minecraft:piglin_head":1,"minecraft:bone":36,"minecraft:light_blue_banner":1,"minecraft:bow":1,"minecraft:wheat_seeds":16,"minecraft:deepslate_brick_slab":3,"minecraft:cobbled_deepslate_slab":3,"minecraft:glass_bottle":1,"minecraft:moss_block":1,"minecraft:iron_sword":1,"expanded_structures:corrupted_log":6,"minecraft:oak_planks":1,"minecraft:book":152,"minecraft:cooked_porkchop":18,"born_in_chaos_v1:ethereal_spirit":1,"minecraft:dandelion":1,"minecraft:gravel":2,"minecraft:sand":12,"minecraft:red_banner":1,"travelersbackpack:blue_sleeping_bag":5,"minecraft:stripped_spruce_log":5,"minecraft:spruce_sapling":5,"minecraft:blast_furnace":1,"minecraft:spruce_log":105,"minecraft:cyan_bed":1,"graveyard:upper_bone_staff":1,"minecraft:stripped_acacia_log":1,"minecraft:light_gray_terracotta":1,"duneons:spideregg":1,"minecraft:golden_apple":1,"minecraft:emerald":1,"minecraft:coal":105}},"DataVersion":3465}