{"stats":{"minecraft:mined":{"minecraft:hay_block":2,"minecraft:stripped_acacia_log":1,"minecraft:potted_cornflower":1,"minecraft:cyan_bed":1},"minecraft:picked_up":{"minecraft:stripped_acacia_log":1,"minecraft:flower_pot":1,"minecraft:hay_block":2,"minecraft:cyan_bed":1,"minecraft:cornflower":2,"minecraft:iron_sword":1},"minecraft:used":{"minecraft:iron_chestplate":1,"minecraft:flower_pot":1,"minecraft:anvil":2,"minecraft:crafting_table":1,"minecraft:bread":2,"minecraft:leather_chestplate":1},"minecraft:dropped":{"minecraft:leather_chestplate":1,"minecraft:iron_sword":1,"minecraft:cyan_bed":1},"minecraft:crafted":{"minecraft:blue_wool":2,"minecraft:blue_dye":2,"minecraft:arrow":12,"minecraft:acacia_planks":4,"travelersbackpack:blue_sleeping_bag":1,"minecraft:crafting_table":1,"minecraft:bread":7,"minecraft:leather_chestplate":3,"minecraft:wheat":18},"minecraft:custom":{"minecraft:time_since_rest":29564,"minecraft:open_chest":21,"minecraft:crouch_one_cm":5366,"minecraft:sprint_one_cm":86501,"minecraft:play_time":29564,"minecraft:walk_one_cm":54011,"minecraft:sneak_time":1850,"minecraft:walk_under_water_one_cm":2680,"minecraft:interact_with_anvil":3,"minecraft:drop":3,"minecraft:jump":167,"minecraft:leave_game":1,"minecraft:time_since_death":29564,"minecraft:walk_on_water_one_cm":367,"minecraft:total_world_time":29564,"minecraft:swim_one_cm":465,"minecraft:interact_with_crafting_table":3,"minecraft:fall_one_cm":1603,"minecraft:tune_noteblock":3,"minecraft:fly_one_cm":46521}},"DataVersion":3465}