{"stats":{"minecraft:mined":{"minecraft:spruce_planks":1,"minecraft:light_gray_stained_glass_pane":1,"minecraft:powder_snow":2,"graveyard:small_light_gray_urn":1,"travelersbackpack:blue_sleeping_bag":4,"minecraft:light_gray_terracotta":1,"minecraft:cobbled_deepslate_slab":2,"minecraft:white_stained_glass_pane":1,"minecraft:redstone_wire":2,"minecraft:spruce_leaves":1,"minecraft:cyan_bed":1,"minecraft:iron_door":2,"graveyard:wither_skull_with_rib_cage":1,"minecraft:spawner":2,"minecraft:white_terracotta":13,"minecraft:hay_block":2,"minecraft:coarse_dirt":1,"graveyard:vase_block":3,"graveyard:wither_skeleton_hand":1,"minecraft:iron_ore":3,"minecraft:cobbled_deepslate":1,"minecraft:spruce_log":108,"graveyard:leaning_wither_skeleton":1,"graveyard:skull_pile":1,"minecraft:bookshelf":10,"minecraft:polished_deepslate_slab":4,"minecraft:coal_ore":36,"minecraft:gravel":2,"minecraft:sand":12,"minecraft:dirt":1,"minecraft:stripped_acacia_log":1,"minecraft:cobweb":4,"minecraft:potted_cornflower":1,"minecraft:stone":48,"minecraft:oak_leaves":2,"minecraft:fern":2},"minecraft:picked_up":{"born_in_chaos_v1:corpse_maggot":1,"minecraft:iron_door":2,"minecraft:flower_pot":1,"minecraft:potion":1,"graveyard:small_light_gray_urn":1,"minecraft:chain":1,"minecraft:cornflower":2,"minecraft:string":4,"minecraft:bone":19,"minecraft:diamond_leggings":1,"minecraft:cobbled_deepslate_slab":2,"minecraft:spruce_slab":5,"minecraft:glass_bottle":1,"minecraft:moss_block":1,"minecraft:book":30,"minecraft:iron_sword":1,"minecraft:polished_deepslate_slab":3,"minecraft:raw_iron":3,"minecraft:stick":20,"born_in_chaos_v1:ethereal_spirit":1,"minecraft:gravel":2,"minecraft:sand":12,"travelersbackpack:blue_sleeping_bag":4,"minecraft:stripped_spruce_log":1,"minecraft:spruce_sapling":5,"minecraft:spruce_log":105,"born_in_chaos_v1:pieceofdarkmetal":2,"minecraft:cyan_bed":1,"minecraft:redstone":2,"minecraft:light_gray_terracotta":1,"minecraft:stripped_acacia_log":1,"minecraft:stone_sword":1,"minecraft:arrow":1,"minecraft:diamond_chestplate":2,"minecraft:rotten_flesh":11,"minecraft:hay_block":2,"minecraft:gold_ingot":3,"minecraft:white_terracotta":13,"minecraft:coal":86,"minecraft:cobblestone":48},"minecraft:used":{"minecraft:moss_block":1,"minecraft:water_bucket":14,"minecraft:glass_bottle":33,"minecraft:leather_chestplate":15,"minecraft:white_terracotta":13,"minecraft:iron_sword":33,"minecraft:diamond_axe":119,"minecraft:iron_chestplate":6,"travelersbackpack:blue_sleeping_bag":5,"minecraft:anvil":2,"graveyard:small_light_gray_urn":1,"minecraft:crafting_table":3,"minecraft:light_gray_terracotta":1,"minecraft:spruce_log":11,"minecraft:flower_pot":1,"minecraft:bread":15,"minecraft:iron_pickaxe":120,"minecraft:iron_boots":1,"minecraft:gravel":2,"minecraft:diamond_sword":84,"minecraft:diamond_chestplate":10,"minecraft:cobblestone":9,"minecraft:golden_carrot":1,"minecraft:potion":34,"minecraft:furnace":1,"minecraft:bucket":15,"minecraft:air":2,"minecraft:experience_bottle":16},"minecraft:dropped":{"minecraft:bread":6,"minecraft:iron_sword":2,"minecraft:stone_sword":1,"minecraft:glass_bottle":1,"minecraft:raw_iron":1,"born_in_chaos_v1:ethereal_spirit":1,"minecraft:feather":7,"minecraft:rotten_flesh":6,"minecraft:coal":50,"minecraft:stick":16,"minecraft:flint":1,"minecraft:potato":9,"minecraft:leather_chestplate":2,"minecraft:diamond_chestplate":1,"minecraft:iron_chestplate":1,"minecraft:chain":1,"minecraft:spruce_slab":5,"minecraft:glass":5,"minecraft:string":1,"minecraft:cyan_bed":1,"minecraft:spruce_sapling":4},"minecraft:killed":{"born_in_chaos_v1:restless_spirit":3,"born_in_chaos_v1:maggot":1,"minecraft:skeleton":1,"graveyard:acolyte":24,"minecraft:zombie":4},"minecraft:crafted":{"minecraft:arrow":12,"minecraft:diamond_axe":1,"minecraft:crafting_table":3,"minecraft:spruce_planks":12,"minecraft:furnace":1,"minecraft:bucket":1,"travelersbackpack:blue_sleeping_bag":1,"minecraft:bread":10,"minecraft:air":0,"minecraft:blue_dye":2,"minecraft:glass":17,"minecraft:diamond":36,"minecraft:stick":8,"minecraft:iron_ingot":14,"minecraft:leather_chestplate":3,"minecraft:iron_pickaxe":1,"minecraft:gold_ingot":9,"minecraft:blue_wool":2,"minecraft:acacia_planks":4,"minecraft:wheat":18},"minecraft:custom":{"minecraft:interact_with_furnace":15,"minecraft:interact_with_anvil":3,"minecraft:mob_kills":33,"minecraft:interact_with_crafting_table":11,"minecraft:tune_noteblock":3,"minecraft:open_barrel":18,"minecraft:leave_game":1,"minecraft:time_since_death":101564,"minecraft:sleep_in_bed":5,"minecraft:climb_one_cm":16,"minecraft:time_since_rest":19903,"minecraft:sprint_one_cm":201794,"minecraft:damage_taken":444,"minecraft:walk_one_cm":181090,"minecraft:drop":34,"minecraft:damage_dealt":7532,"minecraft:swim_one_cm":4070,"minecraft:fly_one_cm":186648,"minecraft:open_chest":36,"minecraft:crouch_one_cm":20282,"minecraft:play_time":101564,"minecraft:sneak_time":8394,"minecraft:walk_under_water_one_cm":11495,"minecraft:jump":1020,"minecraft:walk_on_water_one_cm":6806,"minecraft:total_world_time":101564,"minecraft:fall_one_cm":19108}},"DataVersion":3465}