{"stats":{"minecraft:dropped":{"minecraft:porkchop":1,"minecraft:cooked_chicken":3,"minecraft:stone_sword":1,"minecraft:glass_bottle":4,"duneons:highlandstone":1,"duneons:dungeonscharreddirt":3,"minecraft:stick":3,"duneons:highlandberries":22,"minecraft:leather_chestplate":1,"minecraft:mutton":3,"toughasnails:purified_water_bottle":1,"minecraft:brown_wool":2,"minecraft:bone_meal":1,"minecraft:sand":3,"minecraft:stone_pickaxe":1,"minecraft:beef":3,"minecraft:wooden_pickaxe":2,"minecraft:bone":1},"minecraft:crafted":{"minecraft:glass_bottle":3,"minecraft:oak_planks":116,"born_in_chaos_v1:smoked_fish":1,"alexsmobs:cooked_lobster_tail":2,"minecraft:crafting_table":2,"minecraft:wooden_pickaxe":1,"minecraft:furnace":2,"minecraft:stone_axe":1,"minecraft:bread":32,"minecraft:air":0,"minecraft:glass":3,"minecraft:stick":8,"born_in_chaos_v1:fried_maggot":1,"born_in_chaos_v1:smoked_flesh":9,"minecraft:leather_chestplate":2,"minecraft:stone_pickaxe":1,"minecraft:stone_sword":1,"minecraft:gold_ingot":4,"minecraft:wheat":90,"minecraft:smoker":1},"minecraft:killed":{"alexsmobs:lobster":7,"minecraft:spider":3,"minecraft:creeper":1,"born_in_chaos_v1:maggot":1,"duneons:mountaineer":11,"born_in_chaos_v1:decrepit_skeleton":2,"minecraft:sheep":2,"minecraft:zombie":4,"minecraft:chicken":1,"duneons:pigchest":1,"born_in_chaos_v1:corpse_fly":2,"alexsmobs:fly":2,"born_in_chaos_v1:corpse_fish":1},"minecraft:mined":{"minecraft:smoker":3,"minecraft:crafting_table":1,"duneons:highlandstone":1,"duneons:highlandtallgrass":1,"duneons:gear":1,"minecraft:oak_planks":3,"minecraft:sugar_cane":1,"minecraft:sandstone":1,"minecraft:spawner":2,"minecraft:hay_block":17,"duneons:windorangebannerdown":1,"minecraft:grass":1,"minecraft:bookshelf":8,"minecraft:coal_ore":24,"minecraft:oak_log":33,"duneons:fan":1,"minecraft:sand":4,"duneons:highlandberrybushempty":1,"duneons:dungeonscharreddirt":8,"minecraft:stone":64,"minecraft:oak_leaves":2},"minecraft:used":{"minecraft:stone_sword":57,"minecraft:glass_bottle":29,"minecraft:stone_pickaxe":102,"minecraft:oak_planks":18,"minecraft:wooden_pickaxe":4,"born_in_chaos_v1:smoked_fish":1,"minecraft:leather_chestplate":1,"minecraft:sandstone":1,"minecraft:iron_sword":47,"duneons:dungeonscharreddirt":5,"born_in_chaos_v1:fried_maggot":1,"minecraft:sand":20,"minecraft:anvil":13,"minecraft:crafting_table":3,"minecraft:carrot":8,"duneons:goldchain":11,"minecraft:smoker":4,"alexsmobs:flying_fish":1,"born_in_chaos_v1:smoked_flesh":5,"alexsmobs:maggot":1,"alexsmobs:cooked_lobster_tail":2,"duneons:ravagergateiron":1,"minecraft:stone_axe":41,"minecraft:potion":28,"minecraft:oak_sapling":1,"toughasnails:purified_water_bottle":1,"minecraft:furnace":1,"duneons:windorangebannertop":1,"duneons:highlandberries":7},"minecraft:custom":{"minecraft:interact_with_furnace":9,"minecraft:interact_with_anvil":2,"minecraft:mob_kills":38,"minecraft:interact_with_crafting_table":13,"minecraft:open_barrel":15,"minecraft:leave_game":4,"minecraft:time_since_death":80049,"minecraft:climb_one_cm":2918,"minecraft:sleep_in_bed":1,"minecraft:time_since_rest":4051,"minecraft:sprint_one_cm":154943,"minecraft:damage_taken":509,"minecraft:walk_one_cm":131138,"minecraft:drop":47,"minecraft:damage_dealt":5640,"minecraft:talked_to_villager":1,"minecraft:swim_one_cm":47016,"minecraft:fly_one_cm":159146,"minecraft:open_chest":26,"minecraft:crouch_one_cm":14082,"minecraft:play_time":80049,"minecraft:sneak_time":8026,"minecraft:walk_under_water_one_cm":23901,"minecraft:jump":866,"minecraft:interact_with_blast_furnace":2,"minecraft:walk_on_water_one_cm":14474,"minecraft:total_world_time":80049,"minecraft:interact_with_smoker":15,"minecraft:fall_one_cm":16407},"minecraft:picked_up":{"duneons:dungeonscharreddirt":8,"born_in_chaos_v1:corpse_maggot":1,"minecraft:crafting_table":1,"minecraft:brown_wool":2,"minecraft:leather":2,"minecraft:wooden_pickaxe":1,"minecraft:smoker":3,"minecraft:oak_log":33,"minecraft:gunpowder":1,"duneons:gear":1,"minecraft:string":2,"duneons:windorangebannertop":1,"minecraft:bone":3,"duneons:goldchest":1,"minecraft:beef":3,"duneons:strengthenironpickaxe":1,"duneons:mountaineeraxeiron":1,"minecraft:glass_bottle":3,"minecraft:sugar_cane":3,"minecraft:oak_planks":2,"minecraft:book":24,"minecraft:stick":2,"minecraft:sandstone":1,"minecraft:porkchop":1,"minecraft:sand":6,"minecraft:rotten_flesh":9,"minecraft:hay_block":16,"minecraft:bone_meal":1,"minecraft:golden_apple":1,"duneons:highlandstone":1,"duneons:fan":1,"alexsmobs:maggot":1,"born_in_chaos_v1:rotten_fish":1,"minecraft:oak_sapling":1,"minecraft:mutton":3,"minecraft:coal":44,"alexsmobs:lobster_tail":2,"alexsmobs:flying_fish":1,"minecraft:cobblestone":68}},"DataVersion":3465}