{"stats":{"minecraft:crafted":{"minecraft:smooth_stone":3,"travelersbackpack:crafting_upgrade":1,"minecraft:glass":29,"duneons:randomatoolbox":2,"minecraft:emerald":54,"minecraft:diamond_axe":1,"travelersbackpack:standard":2,"minecraft:raw_gold_block":6,"minecraft:smithing_table":1,"minecraft:iron_pickaxe":1,"minecraft:gold_ingot":1089,"travelersbackpack:gold_tier_upgrade":1,"travelersbackpack:blank_upgrade":4,"minecraft:diamond":36,"minecraft:wheat":18,"minecraft:coal_block":11,"expanded_structures:ender_shard":9,"minecraft:golden_apple":64,"duneons:featherblue":1,"minecraft:oak_planks":4,"minecraft:stone":3,"duneons:randombox":4,"minecraft:chest":15,"travelersbackpack:iron_tier_upgrade":1,"minecraft:arrow":12,"minecraft:crafting_table":7,"minecraft:spruce_planks":412,"minecraft:gold_block":65,"travelersbackpack:blue_sleeping_bag":1,"minecraft:emerald_block":6,"minecraft:stick":16,"duneons:gauntlet_wolf":1,"minecraft:iron_ingot":14,"minecraft:leather_chestplate":4,"minecraft:coal":18,"minecraft:furnace":2,"minecraft:blast_furnace":1,"duneons:skeletonhammer":1,"travelersbackpack:diamond_tier_upgrade":1,"travelersbackpack:backpack_tank":4,"minecraft:bucket":1,"minecraft:bread":65,"minecraft:air":0,"minecraft:blue_dye":66,"minecraft:raw_gold":684,"minecraft:blue_wool":2,"minecraft:acacia_planks":4},"minecraft:killed":{"minecraft:cave_spider":15,"born_in_chaos_v1:restless_spirit":3,"minecraft:skeleton":14,"graveyard:acolyte":27,"minecraft:zombie":26,"born_in_chaos_v1:corpse_fly":5,"minecraft:cow":18,"alexsmobs:seagull":1,"minecraft:horse":4,"born_in_chaos_v1:barrel_zombie":1,"duneons:frozenzombie":2,"born_in_chaos_v1:decrepit_skeleton":3,"expanded_structures:villager_outcast":46,"minecraft:witch":1,"minecraft:spider":5,"duneons:vangruardskeleton":2,"minecraft:zombie_villager":3,"minecraft:creeper":1,"minecraft:sheep":2,"born_in_chaos_v1:dread_hound":1,"alexsmobs:fly":1,"graveyard:revenant":1,"born_in_chaos_v1:maggot":14,"minecraft:drowned":2,"born_in_chaos_v1:nightmare_stalker":1,"minecraft:villager":5},"minecraft:broken":{"toughasnails:purified_water_canteen":3},"minecraft:used":{"minecraft:moss_block":24,"expanded_structures:refined_brick":2,"minecraft:jack_o_lantern":2,"minecraft:writable_book":2,"minecraft:smooth_quartz_slab":303,"minecraft:dead_horn_coral_block":8,"minecraft:spruce_slab":535,"minecraft:dispenser":4,"minecraft:chest":32,"minecraft:stone":1165,"minecraft:warped_sign":33,"minecraft:lily_of_the_valley":1,"minecraft:blue_stained_glass":327,"minecraft:brick_slab":5,"minecraft:jungle_slab":7,"minecraft:allium":1,"minecraft:orange_wool":1,"minecraft:deepslate_brick_slab":3,"minecraft:stripped_spruce_log":138,"duneons:spideregg":1,"minecraft:lava_bucket":10,"minecraft:quartz_pillar":42,"minecraft:villager_spawn_egg":10,"minecraft:red_wool":4,"minecraft:black_stained_glass_pane":132,"minecraft:grass_block":25422,"minecraft:orange_shulker_box":2,"minecraft:diorite_wall":36,"minecraft:pink_wool":2,"minecraft:red_stained_glass_pane":875,"born_in_chaos_v1:fired_black_argillite":2,"minecraft:furnace":5,"minecraft:cooked_cod":1,"minecraft:acacia_fence":1,"minecraft:egg":1,"minecraft:green_stained_glass_pane":21,"slabsexpanded:white_concrete_slab":3493,"minecraft:emerald_ore":11,"minecraft:diorite":402,"minecraft:leather_chestplate":52,"minecraft:jungle_pressure_plate":6,"minecraft:composter":2,"minecraft:oak_leaves":1,"minecraft:smooth_quartz_stairs":74,"minecraft:golden_apple":11,"aether:skyroot_leaves":3,"minecraft:glow_berries":30,"minecraft:blast_furnace":5,"minecraft:chiseled_quartz_block":98,"minecraft:purple_terracotta":25,"minecraft:gray_concrete":222,"minecraft:deepslate_brick_stairs":1,"minecraft:lightning_rod":2,"mcwfences:mangrove_hedge":3,"minecraft:crying_obsidian":2,"minecraft:mangrove_door":5,"minecraft:birch_slab":93,"minecraft:verdant_froglight":2,"minecraft:stone_button":6,"minecraft:cyan_carpet":3,"minecraft:lectern":3,"minecraft:cherry_sign":18,"minecraft:flowering_azalea_leaves":421,"duneons:hoglinskull":1,"minecraft:diamond_sword":478,"graveyard:upper_bone_staff":1,"cfm:azalea_hedge":446,"minecraft:smithing_table":3,"minecraft:purple_wool":3,"minecraft:oak_trapdoor":16,"expanded_structures:white_light":3256,"minecraft:iron_bars":46,"alexsmobs:rainbow_glass":15,"minecraft:armor_stand":2,"minecraft:red_concrete":443,"mcwdoors:metal_reinforced_door":3,"mcwtrpdoors:jungle_classic_trapdoor":1,"minecraft:mangrove_fence":2,"cfm:rock_path":397,"minecraft:torch":410,"minecraft:brewing_stand":4,"minecraft:target":2,"minecraft:anvil":8,"duneons:dungeonscharredcobblestoneslab":1,"minecraft:dead_brain_coral_block":13,"minecraft:blue_concrete":1282,"minecraft:polished_diorite":42,"minecraft:sea_lantern":555,"minecraft:flowering_azalea":19,"minecraft:chipped_anvil":1,"cfm:flowering_azalea_hedge":394,"minecraft:smooth_quartz":97,"born_in_chaos_v1:orange_stained_glass_panel":1,"minecraft:barrel":2,"minecraft:diamond_chestplate":47,"minecraft:glowstone":132,"minecraft:beef":20,"minecraft:magenta_wool":5,"minecraft:observer":4,"minecraft:pointed_dripstone":5,"minecraft:calcite":768,"minecraft:water_bucket":222,"minecraft:birch_planks":4151,"minecraft:lime_wool":2,"duneons:palmlog":182,"minecraft:cartography_table":2,"minecraft:cauldron":2,"minecraft:fletching_table":2,"minecraft:spruce_fence_gate":2,"minecraft:gilded_blackstone":3,"slabsexpanded:slabs_block":17,"born_in_chaos_v1:black_argillite_brick_stairs":2,"minecraft:light_gray_banner":2,"minecraft:rail":5,"minecraft:comparator":2,"minecraft:oak_slab":27,"minecraft:tnt":95,"minecraft:crafting_table":8,"securitycraft:reinforced_blue_concrete":2,"minecraft:white_bed":1,"minecraft:spruce_log":14,"minecraft:mushroom_stem":17,"minecraft:amethyst_cluster":2,"minecraft:blue_stained_glass_pane":1527,"securitycraft:display_case":2,"minecraft:diamond_pickaxe":245,"minecraft:oxeye_daisy":2,"minecraft:warped_trapdoor":6,"minecraft:stripped_jungle_log":349,"minecraft:iron_pickaxe":124,"minecraft:spruce_pressure_plate":4,"duneons:leaverpalm":28,"minecraft:spruce_trapdoor":621,"minecraft:crimson_sign":2,"travelersbackpack:standard":27,"minecraft:cobblestone":299,"minecraft:potion":183,"minecraft:azalea_leaves":14,"minecraft:orange_banner":1,"securitycraft:reinforced_white_concrete":2,"minecraft:cooked_porkchop":11,"minecraft:warped_fence_gate":4,"toughasnails:purified_water_canteen":12,"minecraft:glass_pane":224,"minecraft:jukebox":2,"minecraft:diamond_leggings":1,"mcwtrpdoors:spruce_swamp_trapdoor":4,"minecraft:light_blue_banner":1,"slabsexpanded:blue_concrete_slab":621,"duneons:dunglass2":83,"minecraft:decorated_pot":2,"minecraft:white_terracotta":13,"minecraft:iron_sword":33,"minecraft:zombie_spawn_egg":8,"minecraft:stripped_jungle_wood":172,"minecraft:bell":2,"mcwdoors:sliding_glass_door":4,"minecraft:soul_campfire":2,"duneons:dungeoncactus":2,"minecraft:iron_chestplate":6,"minecraft:white_candle":8,"slabsexpanded:glass_slab":7,"mcwdoors:garage_white_door":87,"minecraft:jungle_planks":4117,"mcwwindows:white_mosaic_glass_pane":9,"minecraft:music_disc_13":1,"minecraft:milk_bucket":2,"minecraft:big_dripleaf":2,"minecraft:glass":125,"minecraft:bricks":67,"minecraft:coal_ore":83,"minecraft:lantern":427,"minecraft:stone_bricks":633,"minecraft:repeater":2,"minecraft:magma_block":2,"minecraft:scaffolding":2,"minecraft:polished_diorite_stairs":385,"minecraft:pearlescent_froglight":3,"minecraft:stripped_spruce_wood":4,"minecraft:mangrove_leaves":3,"minecraft:end_rod":111,"minecraft:dropper":5,"minecraft:stripped_acacia_log":734,"minecraft:oak_planks":975,"minecraft:polished_diorite_slab":1954,"minecraft:blue_bed":10,"minecraft:diamond_axe":273,"travelersbackpack:blue_sleeping_bag":5,"graveyard:small_light_gray_urn":1,"minecraft:loom":2,"duneons:sanctumstone":1,"minecraft:black_banner":1,"minecraft:light_gray_terracotta":1,"minecraft:sponge":3,"minecraft:ochre_froglight":2,"minecraft:note_block":2,"minecraft:stone_brick_wall":3,"minecraft:redstone_torch":2,"minecraft:green_concrete":61,"minecraft:lever":11,"minecraft:blue_glazed_terracotta":2,"born_in_chaos_v1:scorched_planks_button":2,"minecraft:daylight_detector":2,"minecraft:dark_oak_log":2,"minecraft:light_gray_concrete":216,"minecraft:heavy_weighted_pressure_plate":3,"minecraft:bread":57,"minecraft:brown_wool":1,"minecraft:deepslate":360,"minecraft:gravel":2,"minecraft:chainmail_boots":1,"minecraft:grindstone":2,"minecraft:andesite":3269,"minecraft:chain":15,"minecraft:smooth_stone_slab":3,"minecraft:white_concrete":17023,"minecraft:air":4,"minecraft:warped_button":4,"minecraft:experience_bottle":16,"minecraft:azalea":5,"minecraft:netherite_sword":52,"minecraft:jungle_leaves":6,"minecraft:rose_bush":2,"minecraft:flint_and_steel":8,"minecraft:redstone_ore":2,"minecraft:redstone":4,"minecraft:spruce_planks":4075,"minecraft:dirt":757,"mcwfences:azalea_hedge":5,"minecraft:hopper":55,"minecraft:spruce_stairs":22,"minecraft:diamond_helmet":1,"minecraft:bee_nest":2,"mcwtrpdoors:spruce_glass_trapdoor":14,"minecraft:spruce_fence":411,"mcwtrpdoors:spruce_classic_trapdoor":159,"minecraft:bookshelf":3,"minecraft:waxed_cut_copper":2,"minecraft:acacia_slab":25,"minecraft:iron_boots":2,"minecraft:golden_carrot":1,"minecraft:emerald_block":2,"minecraft:minecart":2,"minecraft:stone_pressure_plate":2,"minecraft:quartz_bricks":9,"minecraft:glass_bottle":182,"minecraft:blue_wool":1,"minecraft:andesite_slab":222,"minecraft:iron_golem_spawn_egg":2,"minecraft:black_shulker_box":4,"slabsexpanded:quartz_pillar_slab":441,"minecraft:stonecutter":2,"minecraft:dead_fire_coral_block":10,"minecraft:bamboo_block":3,"minecraft:yellow_stained_glass_pane":2,"minecraft:smoker":2,"minecraft:flower_pot":3,"minecraft:acacia_stairs":4,"minecraft:netherite_axe":7,"minecraft:jungle_stairs":2,"mcwdoors:garage_silver_door":28,"nfm:castle_netting":28,"minecraft:yellow_wool":2,"duneons:broom":1,"minecraft:white_banner":2,"expanded_structures:corrupted_trap_door":1,"minecraft:red_banner":1,"minecraft:bucket":86,"minecraft:pumpkin_pie":1,"alexsmobs:animal_dictionary":1,"minecraft:polished_blackstone_button":20,"minecraft:soul_torch":2},"minecraft:mined":{"duneons:charredstone":2,"minecraft:coal_block":4,"duneons:coinsstage_1":1,"expanded_structures:ender_shard_block":1,"minecraft:spawner":27,"graveyard:wither_skull_with_rib_cage":1,"minecraft:polished_blackstone_bricks":1,"expanded_structures:sandy_refined_brick":2,"minecraft:mossy_cobblestone_stairs":1,"minecraft:fire":4,"minecraft:cobbled_deepslate":1,"minecraft:polished_deepslate_slab":4,"minecraft:light_gray_concrete":2,"minecraft:deepslate_brick_stairs":5,"expanded_structures:block_stand":45,"minecraft:powder_snow":2,"minecraft:piglin_head":1,"minecraft:blast_furnace":1,"minecraft:white_stained_glass_pane":1,"minecraft:cyan_bed":1,"expanded_structures:ender_shard_ore":1,"minecraft:white_terracotta":13,"graveyard:wither_skeleton_hand":1,"duneons:broom":1,"minecraft:stone_brick_stairs":1,"minecraft:grass":34,"minecraft:light_gray_stained_glass_pane":5,"minecraft:mossy_cobblestone":2,"minecraft:dark_oak_log":2,"minecraft:cobbled_deepslate_slab":12,"minecraft:crimson_roots":1,"minecraft:redstone_wire":4,"minecraft:black_stained_glass_pane":2,"minecraft:packed_mud":1,"minecraft:potted_torchflower":1,"minecraft:andesite":3,"minecraft:cobblestone_slab":1,"minecraft:gray_concrete":14,"expanded_structures:pink_light":1,"minecraft:cornflower":63,"expanded_structures:corrupted_log":1,"minecraft:coarse_dirt":1,"graveyard:vase_block":9,"minecraft:spruce_log":108,"minecraft:birch_leaves":2,"minecraft:pitcher_crop":1,"minecraft:gravel":2,"minecraft:cobweb":4,"duneons:coinsstage_2":1,"minecraft:stone_bricks":6,"minecraft:orange_wall_banner":1,"minecraft:fern":6,"expanded_structures:bricked_pumpkin_wall":1,"minecraft:black_shulker_box":2,"minecraft:spruce_planks":49,"minecraft:cobbled_deepslate_stairs":5,"minecraft:brewing_stand":2,"travelersbackpack:blue_sleeping_bag":5,"minecraft:spruce_trapdoor":1,"minecraft:grass_block":13,"minecraft:white_concrete":1,"minecraft:mud_bricks":7,"minecraft:iron_ore":3,"expanded_structures:refined_brick":2,"born_in_chaos_v1:black_argillite_brick_stairs":2,"graveyard:leaning_wither_skeleton":1,"graveyard:upper_bone_staff":3,"minecraft:iron_bars":10,"expanded_structures:corrupted_trap_door":1,"minecraft:potted_cornflower":1,"minecraft:spruce_slab":1,"expanded_structures:worlds_most_useless_block":1,"graveyard:middle_bone_staff":1,"minecraft:orange_terracotta":1,"minecraft:light_gray_terracotta":1,"minecraft:calcite":2,"minecraft:chest":2,"minecraft:cobblestone":9,"minecraft:oak_planks":1,"minecraft:iron_door":2,"minecraft:light_blue_banner":1,"twilightforest:potted_mangrove_sapling":1,"born_in_chaos_v1:fired_black_argillite":2,"graveyard:skull_pile":1,"minecraft:smooth_stone_slab":1,"minecraft:oak_log":1,"minecraft:sand":24,"minecraft:dirt":4,"minecraft:oak_leaves":9,"minecraft:emerald_block":28,"minecraft:redstone_lamp":1,"minecraft:red_carpet":1,"minecraft:stone_button":3,"minecraft:spruce_leaves":2,"minecraft:hay_block":2,"minecraft:deepslate_brick_slab":10,"minecraft:furnace":1,"minecraft:raw_gold_block":6,"minecraft:stripped_spruce_log":4,"minecraft:gold_block":5,"expanded_structures:incidious_stump":1,"minecraft:bookshelf":56,"minecraft:stripped_acacia_log":1,"minecraft:stone":53,"duneons:statue":2,"minecraft:red_banner":1,"duneons:coins":2,"graveyard:small_light_gray_urn":1,"minecraft:rose_bush":1,"duneons:dustdiamond":1,"minecraft:deepslate_coal_ore":1,"born_in_chaos_v1:chipped_black_argillite_brick":1,"minecraft:black_wall_banner":1,"duneons:stonetablemaping":1,"minecraft:white_wall_banner":2,"minecraft:coal_ore":51,"minecraft:cracked_stone_bricks":8,"duneons:teapot":1,"minecraft:polished_andesite":8,"minecraft:mossy_stone_bricks":5},"minecraft:custom":{"minecraft:interact_with_crafting_table":58,"minecraft:open_barrel":46,"minecraft:bell_ring":5,"minecraft:leave_game":42,"minecraft:time_since_death":3477522,"minecraft:play_time":3477522,"minecraft:jump":8565,"minecraft:interact_with_furnace":36,"minecraft:play_record":1,"minecraft:traded_with_villager":9,"minecraft:interact_with_cartography_table":2,"minecraft:sleep_in_bed":27,"minecraft:damage_dealt":38707,"minecraft:interact_with_smoker":7,"minecraft:use_cauldron":3,"minecraft:inspect_dispenser":1,"minecraft:interact_with_smithing_table":4,"minecraft:interact_with_anvil":8,"minecraft:inspect_hopper":12,"minecraft:sneak_time":99879,"minecraft:interact_with_blast_furnace":101,"minecraft:total_world_time":3477522,"minecraft:tune_noteblock":40,"minecraft:interact_with_stonecutter":2,"minecraft:time_since_rest":497898,"minecraft:swim_one_cm":90016,"minecraft:fly_one_cm":26254151,"minecraft:open_chest":297,"minecraft:fall_one_cm":135156,"minecraft:open_shulker_box":25,"minecraft:sprint_one_cm":1608331,"minecraft:drop":243,"minecraft:talked_to_villager":22,"minecraft:interact_with_brewingstand":1,"minecraft:walk_on_water_one_cm":73308,"minecraft:crouch_one_cm":157785,"minecraft:mob_kills":210,"minecraft:damage_dealt_resisted":234,"minecraft:climb_one_cm":2996,"minecraft:walk_one_cm":2458074,"minecraft:walk_under_water_one_cm":52859,"minecraft:pot_flower":9,"minecraft:damage_taken":2748,"minecraft:damage_absorbed":204},"minecraft:picked_up":{"minecraft:anvil":1,"minecraft:flower_pot":4,"minecraft:diamond_sword":1,"minecraft:lead":2,"duneons:broom":1,"minecraft:brewing_stand":2,"securitycraft:reinforced_white_concrete":1,"minecraft:string":8,"duneons:coin":30,"minecraft:diamond_leggings":1,"minecraft:gold_nugget":3,"minecraft:spruce_planks":64,"minecraft:coal_block":4,"duneons:stonetablemaping":1,"born_in_chaos_v1:black_argillite_brick_stairs":2,"minecraft:stone_sword":2,"expanded_structures:block_stand":45,"minecraft:white_terracotta":13,"expanded_structures:light_crystal":1,"minecraft:iron_bars":5,"minecraft:feather":2,"minecraft:cooked_beef":1,"minecraft:iron_door":2,"born_in_chaos_v1:spiritual_dust":1,"minecraft:gray_concrete":2,"minecraft:lantern":9,"minecraft:moss_block":1,"expanded_structures:corrupted_log":7,"duneons:sugarrush":1,"minecraft:stripped_spruce_log":7,"minecraft:ink_sac":2,"duneons:diamondpickaxedungeon":1,"minecraft:dark_oak_log":2,"minecraft:polished_andesite":8,"minecraft:stripped_acacia_log":1,"minecraft:green_concrete":9,"minecraft:lever":2,"alexsmobs:maggot":28,"minecraft:crimson_roots":1,"minecraft:redstone_lamp":1,"born_in_chaos_v1:seedof_chaos":2,"minecraft:orange_banner":1,"born_in_chaos_v1:fired_black_argillite":2,"minecraft:heavy_weighted_pressure_plate":3,"minecraft:cornflower":65,"minecraft:cracked_stone_bricks":4,"minecraft:netherite_sword":7,"minecraft:beef":37,"born_in_chaos_v1:gnawed_bones":1,"expanded_structures:smashed_pumpkin":4,"minecraft:poppy":2,"minecraft:chest":2,"minecraft:spruce_slab":7,"minecraft:egg":1,"minecraft:polished_deepslate_slab":3,"minecraft:raw_gold_block":6,"duneons:great_hammer":1,"born_in_chaos_v1:pieceofdarkmetal":2,"minecraft:carrot":43,"minecraft:redstone":5,"minecraft:mushroom_stem":1,"expanded_structures:ender_shard_block":1,"minecraft:tnt":2,"minecraft:diamond_chestplate":2,"minecraft:cooked_cod":63,"minecraft:hay_block":2,"minecraft:warped_sign":2,"minecraft:gold_ingot":4,"minecraft:totem_of_undying":2,"duneons:halberd":1,"minecraft:mutton":3,"twilightforest:darkwood_sapling":1,"minecraft:white_wool":2,"minecraft:mud_bricks":4,"born_in_chaos_v1:monster_flesh":1,"expanded_structures:ender_shard":2,"minecraft:torchflower":1,"graveyard:small_light_gray_urn":1,"minecraft:oak_log":1,"minecraft:white_banner":2,"mcwdoors:sliding_glass_door":2,"minecraft:light_blue_banner":1,"minecraft:stone_bricks":6,"minecraft:glass_bottle":3,"minecraft:iron_sword":1,"twilightforest:mangrove_sapling":1,"duneons:dungeonscharredcobblestone":2,"born_in_chaos_v1:ethereal_spirit":1,"minecraft:gravel":2,"travelersbackpack:blue_sleeping_bag":5,"minecraft:spruce_sapling":5,"minecraft:spruce_log":141,"graveyard:middle_bone_staff":1,"minecraft:oak_wood":1,"minecraft:slime_ball":2,"duneons:spideregg":1,"minecraft:scute":1,"minecraft:ender_pearl":1,"minecraft:potion":24,"minecraft:stone_brick_stairs":1,"duneons:highblockhallsdoor":1,"minecraft:smooth_stone_slab":1,"minecraft:black_shulker_box":4,"minecraft:rose_bush":2,"minecraft:cobblestone_slab":1,"minecraft:calcite":2,"born_in_chaos_v1:stimulating_decoction":4,"minecraft:furnace":1,"minecraft:stick":30,"minecraft:torch":17,"minecraft:rotten_flesh":37,"minecraft:deepslate_brick_stairs":1,"duneons:statue":2,"minecraft:cobblestone":60,"minecraft:leather_chestplate":1,"minecraft:andesite":3,"minecraft:dirt":316,"born_in_chaos_v1:monster_skin":2,"minecraft:leather_boots":1,"minecraft:bone":42,"minecraft:bow":1,"minecraft:wheat_seeds":26,"minecraft:deepslate_brick_slab":3,"minecraft:cobbled_deepslate_slab":3,"minecraft:mossy_stone_bricks":8,"minecraft:oak_planks":2,"toughasnails:purified_water_canteen":4,"minecraft:cooked_porkchop":18,"minecraft:music_disc_13":1,"duneons:dungeonscharredcobblestoneslab":1,"minecraft:sand":24,"minecraft:cyan_bed":1,"minecraft:mossy_cobblestone":1,"expanded_structures:corrupted_trap_door":1,"graveyard:upper_bone_staff":2,"minecraft:light_gray_concrete":2,"minecraft:light_gray_terracotta":1,"duneons:hoglinskull":2,"securitycraft:reinforced_blue_concrete":1,"minecraft:diamond":1,"minecraft:polished_blackstone_button":12,"minecraft:white_concrete":2,"minecraft:golden_apple":1,"minecraft:emerald":1,"duneons:highlandberries":15,"duneons:sanctumstone":1,"minecraft:gold_block":5,"minecraft:chain":1,"minecraft:item_frame":2,"minecraft:spruce_trapdoor":1,"minecraft:raw_iron":3,"expanded_structures:corrupted_doubloon":1,"minecraft:copper_ingot":1,"minecraft:flowering_azalea_leaves":1,"minecraft:stone_button":7,"minecraft:arrow":21,"minecraft:black_banner":1,"born_in_chaos_v1:fused_bone":2,"born_in_chaos_v1:corpse_maggot":13,"minecraft:leather":25,"minecraft:gunpowder":7,"minecraft:yellow_bed":1,"minecraft:piglin_head":1,"expanded_structures:refined_brick":2,"minecraft:book":158,"minecraft:emerald_block":28,"minecraft:pitcher_plant":1,"minecraft:dandelion":1,"duneons:spookysword":2,"minecraft:red_banner":1,"minecraft:blast_furnace":1,"minecraft:spider_eye":1,"duneons:teapot":1,"minecraft:gray_banner":1,"expanded_structures:sandy_refined_brick":2,"minecraft:iron_helmet":8,"minecraft:mossy_cobblestone_stairs":1,"minecraft:coal":106},"minecraft:dropped":{"minecraft:iron_sword":2,"minecraft:cooked_beef":3,"minecraft:glass_bottle":2,"minecraft:diamond":9,"minecraft:cooked_porkchop":19,"minecraft:cracked_stone_bricks":4,"minecraft:emerald":9,"minecraft:dirt":2,"minecraft:gray_concrete":2,"minecraft:stone_button":4,"minecraft:chain":1,"minecraft:gold_nugget":3,"minecraft:white_wool":2,"minecraft:lever":2,"alexsmobs:animal_dictionary":1,"minecraft:gray_banner":1,"minecraft:netherite_sword":7,"minecraft:rotten_flesh":15,"minecraft:oak_planks":1,"minecraft:sea_lantern":1,"minecraft:leather_boots":1,"minecraft:spruce_slab":5,"minecraft:glass":5,"minecraft:beef":12,"minecraft:stone_brick_stairs":1,"minecraft:iron_ingot":2,"minecraft:wheat_seeds":23,"minecraft:tnt":1,"minecraft:feather":9,"minecraft:iron_helmet":9,"duneons:highblockhallsdoor":1,"minecraft:coal":52,"minecraft:golden_apple":10,"minecraft:polished_andesite":8,"minecraft:potion":22,"expanded_structures:smashed_pumpkin":4,"minecraft:mossy_cobblestone_stairs":1,"minecraft:string":4,"minecraft:spruce_sapling":4,"minecraft:netherite_ingot":10,"minecraft:stone_sword":2,"minecraft:light_gray_concrete":2,"minecraft:diamond_sword":1,"minecraft:cobblestone_slab":1,"minecraft:potato":9,"minecraft:flower_pot":3,"minecraft:spruce_trapdoor":2,"minecraft:spruce_planks":16,"minecraft:yellow_bed":1,"minecraft:stone_bricks":6,"minecraft:spider_eye":1,"minecraft:bow":1,"minecraft:cyan_bed":1,"minecraft:ender_pearl":3,"minecraft:leather":2,"minecraft:flint":1,"minecraft:redstone_lamp":1,"minecraft:mutton":3,"minecraft:crimson_roots":1,"minecraft:cooked_cod":132,"minecraft:pumpkin_pie":1,"minecraft:gold_ingot":6,"expanded_structures:ender_shard":1,"born_in_chaos_v1:ethereal_spirit":1,"minecraft:carrot":11,"minecraft:poppy":1,"minecraft:leather_chestplate":4,"minecraft:gunpowder":6,"born_in_chaos_v1:corpse_maggot":2,"minecraft:arrow":7,"expanded_structures:sandy_refined_brick":2,"minecraft:bread":6,"minecraft:mossy_cobblestone":1,"minecraft:copper_ingot":1,"minecraft:grass_block":1,"minecraft:stick":24,"minecraft:torch":1,"minecraft:white_concrete":2,"born_in_chaos_v1:fused_bone":2,"duneons:dungeonscharredcobblestone":2,"toughasnails:purified_water_canteen":4,"minecraft:dandelion":1,"minecraft:redstone":3,"alexsmobs:maggot":4,"minecraft:raw_iron":1,"minecraft:totem_of_undying":2,"minecraft:shield":1,"minecraft:diamond_chestplate":1,"expanded_structures:light_crystal":1,"minecraft:iron_chestplate":1,"minecraft:andesite":3,"minecraft:mossy_stone_bricks":8,"toughasnails:purified_water_bottle":2,"minecraft:spruce_log":36}},"DataVersion":3465}