{"stats":{"minecraft:mined":{"minecraft:spruce_planks":1,"minecraft:light_gray_stained_glass_pane":1,"minecraft:powder_snow":2,"graveyard:small_light_gray_urn":1,"travelersbackpack:blue_sleeping_bag":5,"minecraft:light_gray_terracotta":1,"minecraft:cobbled_deepslate_slab":2,"minecraft:white_stained_glass_pane":1,"minecraft:redstone_wire":3,"minecraft:spruce_leaves":1,"minecraft:cyan_bed":1,"minecraft:polished_blackstone_bricks":1,"minecraft:iron_door":2,"graveyard:wither_skull_with_rib_cage":1,"minecraft:spawner":2,"minecraft:white_terracotta":13,"minecraft:hay_block":2,"minecraft:coarse_dirt":1,"graveyard:vase_block":7,"graveyard:wither_skeleton_hand":1,"minecraft:iron_ore":3,"minecraft:cobbled_deepslate":1,"minecraft:spruce_log":108,"graveyard:leaning_wither_skeleton":1,"graveyard:skull_pile":1,"minecraft:iron_bars":3,"minecraft:bookshelf":15,"minecraft:polished_deepslate_slab":4,"minecraft:coal_ore":36,"minecraft:gravel":2,"minecraft:sand":12,"minecraft:dirt":1,"minecraft:stripped_acacia_log":1,"minecraft:cobweb":4,"minecraft:potted_cornflower":1,"minecraft:stone":48,"minecraft:oak_leaves":2,"minecraft:fern":3},"minecraft:picked_up":{"born_in_chaos_v1:corpse_maggot":1,"minecraft:iron_door":2,"minecraft:flower_pot":1,"minecraft:potion":1,"graveyard:small_light_gray_urn":1,"minecraft:chain":1,"minecraft:cornflower":2,"minecraft:string":4,"minecraft:bone":19,"minecraft:wheat_seeds":4,"minecraft:diamond_leggings":1,"minecraft:cobbled_deepslate_slab":2,"minecraft:spruce_slab":5,"minecraft:glass_bottle":1,"minecraft:moss_block":1,"minecraft:book":45,"minecraft:iron_sword":1,"minecraft:polished_deepslate_slab":3,"minecraft:raw_iron":3,"minecraft:stick":20,"born_in_chaos_v1:ethereal_spirit":1,"minecraft:gravel":2,"minecraft:sand":12,"travelersbackpack:blue_sleeping_bag":5,"minecraft:stripped_spruce_log":1,"minecraft:spruce_sapling":5,"minecraft:spruce_log":105,"born_in_chaos_v1:pieceofdarkmetal":2,"minecraft:cyan_bed":1,"minecraft:redstone":3,"minecraft:light_gray_terracotta":1,"minecraft:stripped_acacia_log":1,"minecraft:stone_sword":2,"minecraft:arrow":1,"minecraft:diamond_chestplate":2,"minecraft:rotten_flesh":11,"minecraft:hay_block":2,"minecraft:gold_ingot":3,"minecraft:white_terracotta":13,"minecraft:coal":90,"minecraft:cobblestone":48},"minecraft:used":{"minecraft:moss_block":1,"minecraft:water_bucket":14,"minecraft:glass_bottle":38,"minecraft:leather_chestplate":16,"minecraft:white_terracotta":13,"minecraft:iron_sword":33,"minecraft:diamond_axe":124,"minecraft:iron_chestplate":6,"travelersbackpack:blue_sleeping_bag":5,"minecraft:anvil":2,"graveyard:small_light_gray_urn":1,"minecraft:crafting_table":3,"minecraft:light_gray_terracotta":1,"minecraft:spruce_log":11,"minecraft:flower_pot":1,"minecraft:diamond_pickaxe":1,"minecraft:bread":16,"minecraft:iron_pickaxe":124,"minecraft:iron_boots":1,"minecraft:gravel":2,"minecraft:diamond_sword":97,"minecraft:diamond_chestplate":11,"minecraft:cobblestone":11,"minecraft:golden_carrot":1,"minecraft:potion":38,"minecraft:cooked_porkchop":1,"travelersbackpack:standard":1,"minecraft:furnace":1,"minecraft:bucket":15,"minecraft:air":2,"minecraft:experience_bottle":16},"minecraft:dropped":{"minecraft:iron_ingot":2,"minecraft:bread":6,"minecraft:iron_sword":2,"minecraft:wheat_seeds":2,"minecraft:stone_sword":1,"minecraft:glass_bottle":1,"minecraft:raw_iron":1,"born_in_chaos_v1:ethereal_spirit":1,"minecraft:feather":7,"minecraft:rotten_flesh":6,"minecraft:coal":50,"minecraft:stick":16,"minecraft:flint":1,"minecraft:potato":9,"minecraft:leather_chestplate":2,"minecraft:diamond_chestplate":1,"minecraft:iron_chestplate":1,"minecraft:chain":1,"minecraft:spruce_slab":5,"minecraft:glass":5,"minecraft:string":1,"minecraft:cyan_bed":1,"minecraft:spruce_sapling":4},"minecraft:killed":{"born_in_chaos_v1:restless_spirit":3,"born_in_chaos_v1:maggot":1,"minecraft:skeleton":1,"graveyard:acolyte":27,"minecraft:zombie":4},"minecraft:crafted":{"minecraft:arrow":12,"minecraft:diamond_axe":1,"travelersbackpack:standard":1,"minecraft:crafting_table":3,"travelersbackpack:backpack_tank":2,"minecraft:spruce_planks":20,"minecraft:furnace":1,"minecraft:bucket":1,"travelersbackpack:blue_sleeping_bag":1,"minecraft:bread":10,"minecraft:air":0,"minecraft:blue_dye":2,"minecraft:glass":17,"minecraft:diamond":36,"minecraft:stick":8,"minecraft:chest":1,"minecraft:iron_ingot":14,"minecraft:leather_chestplate":3,"minecraft:iron_pickaxe":1,"minecraft:gold_ingot":9,"minecraft:blue_wool":2,"minecraft:acacia_planks":4,"minecraft:wheat":18},"minecraft:custom":{"minecraft:interact_with_furnace":21,"minecraft:interact_with_anvil":3,"minecraft:mob_kills":36,"minecraft:interact_with_crafting_table":13,"minecraft:tune_noteblock":3,"minecraft:open_barrel":30,"minecraft:leave_game":1,"minecraft:time_since_death":113564,"minecraft:sleep_in_bed":5,"minecraft:climb_one_cm":547,"minecraft:time_since_rest":31903,"minecraft:sprint_one_cm":222297,"minecraft:damage_taken":489,"minecraft:walk_one_cm":195603,"minecraft:drop":38,"minecraft:damage_dealt":8173,"minecraft:swim_one_cm":22500,"minecraft:fly_one_cm":214870,"minecraft:open_chest":36,"minecraft:crouch_one_cm":22040,"minecraft:play_time":113564,"minecraft:sneak_time":9125,"minecraft:walk_under_water_one_cm":12625,"minecraft:jump":1153,"minecraft:interact_with_smoker":4,"minecraft:walk_on_water_one_cm":8185,"minecraft:total_world_time":113564,"minecraft:use_cauldron":2,"minecraft:fall_one_cm":21198}},"DataVersion":3465}